"ID","AGE","GENDER"
"c28a3cd0340791e3dee27addc32690c8","MALE","25-34"
"f0b0fcea7caedc7fcc4443b7b7e22102","MALE","25-34"
"834c49eb87d78c8d56e5a7c3b76b2391","FEMALE","35-49"
"437637df7acbd4b438a87fb52c95b4ec","MALE","18-24"
"0bada0c8f61a201a18bf4075141375d2","MALE","50-64"
"046558ebe99f72a0f5c066e14fe02df3","MALE","35-49"
"f837e9b8713d91c624b63b740df2c528","FEMALE","35-49"
"da9bce62c6e7112ceb9ca97721109d0c","MALE","18-24"
"8cdf796813bd708fc1fc4f7fb6434592","FEMALE","35-49"
"ae17e085cb71413a8ce9843f88d3fed2","FEMALE","35-49"
"1fdd04c26f06b99676108652dc4d443f","MALE","35-49"
"fd36e6c9c129dbdc501d7e4d4190fc9e","FEMALE","25-34"
"1a5c719927ffc0125d700c78325c3079","MALE","35-49"
"5e229742c224c13d32d71fc8a5e15fda","FEMALE","25-34"
"6140f05b5584fe98f1f5c037bfc2c1ab","FEMALE","18-24"
"e3dbc57577fe8f9112780feef7e6db7f","MALE","50-64"
"fcf9555aa8e3d8acffdc5e5759ebd291","MALE","35-49"
"1314fc6a94e836285722a99383b93385","FEMALE","35-49"
"4728c0de3f8b6de737f25cb1d037abbe","MALE","25-34"
"272701df5d662e89706f57db8a7d5d25","MALE","50-64"
"21d2b5011380ee9ff0fe38610e0df7cb","MALE","25-34"
"84d409794875b336637ae806102bf883","MALE","65-xx"
"0cba67cb650fb82820cec0fdb3d9414d","FEMALE","35-49"
"b487a16ffd91278f78f95101e1c56e35","MALE","50-64"
"d429f404307903fa738dd1dd272ec00f","MALE","35-49"
"10dfd3222d6abfbbb68f79c829102ea1","FEMALE","25-34"
"202bdeec2765bff6eb0d815fd8a120ec","MALE","18-24"
"f7f564bb8997db9f6d6dac4b52534ba5","MALE","35-49"
"ccfb4199a0c39b110275c2e5d719e111","FEMALE","25-34"
"18b89888fae46f388530078c1ca30609","FEMALE","50-64"
"6321d152d84095b8724cfd7cdd1275ed","MALE","50-64"
"b0f19a521e60ec72decd0620819fbed6","MALE","35-49"
"13027db7430bbcebbe3015eb2e9add8e","FEMALE","50-64"
"867ba4b6f08704fe89a81dfa6f40aaf7","MALE","35-49"
"756f1b5cf9786811a83130a3e14fddde","MALE","50-64"
"2f76b43953d8a1f363b46cf452ec3e40","FEMALE","18-24"
"6327dfcc165a7bd74694521f810a5f29","MALE","35-49"
"164c6673610abc68eb0c72aa41a97cea","FEMALE","35-49"
"2e829b013a4ae3639c50d9e929cda32a","MALE","35-49"
"b9bb3391de9efeb823f9286baf74a90a","FEMALE","35-49"
"ffa96a13101c4baee282ee042ace2192","FEMALE","35-49"
"ba0268981bb269ddcf6df120299e7a04","MALE","18-24"
"06397fdfd86224178edc2956b5aa00a0","MALE","35-49"
"ed9d28f8b48cbbc22905eb0e4939a971","FEMALE","25-34"
"507c463cc5aebc45718577e4298eaf8d","FEMALE","50-64"
"e9a166e354f57ce68da7aa5baed2875d","FEMALE","25-34"
"4738796f60291f044124b54757b0cc1f","FEMALE","35-49"
"c2ec79a92ef680fa66bf2e0f6b028d0b","FEMALE","25-34"
"1b9c34b09e22e82fec16699fb14f2ad8","MALE","25-34"
"ab70027ac0e4d42b9125fe611f6c3f6b","MALE","25-34"
"7eb4fded0b399f6375b0d7f470363ea4","FEMALE","35-49"
"b2497d6fdbbb6d1d7fe204b0fd06cff7","FEMALE","25-34"
"3fffe236fed0e6e3c3b85b87683a1893","FEMALE","35-49"
"3c955d73c5ebc0aa6ef1778ee9f69143","FEMALE","35-49"
"27eaf3ef7ba1bd6c7cd0858eb1b24f71","MALE","35-49"
"500ccceea32e67d8d11f7d3d495e2c07","FEMALE","25-34"
"c18eb25f7e2969efe1484be29f9ee3e0","MALE","25-34"
"8fcb64811fd61f1c81c31cd3197f4b6c","FEMALE","25-34"
"1377fc2c98ac09896ba48afcac24041a","MALE","50-64"
"da4ce5ffb571d8d038af91e2db60083b","MALE","50-64"
"7d67bdc61b24ea651d4e7d8c3ffff423","MALE","25-34"
"c7f633833deb7757b7d9ddf3d8fa3180","MALE","25-34"
"85ec741f5abaf5b32b29bd48ec786aea","MALE","25-34"
"fd0de6977f28814aed2373bdad80f25f","FEMALE","35-49"
"20c8b3685fc5c14db66a5e24736b1b66","FEMALE","25-34"
"198667a4ee2ecdb483f95949c5241221","FEMALE","35-49"
"f55578648cedcd0d2bce8a5dc3b4839a","MALE","35-49"
"c063767ca9bd86f837c640b61e4dc48c","MALE","25-34"
"18b3dbc0bbe1dd57446d5c9bc26e17d8","MALE","50-64"
"50dd14655c35f3508120aa1be5240aee","MALE","50-64"
"054ae1840184d9c5876cb3de5d13c7b3","MALE","35-49"
"965d3e5d61a5630a23f8f992ed78b623","MALE","35-49"
"b151855595ba6297601acac77e066f4d","FEMALE","35-49"
"6b7879b5036f18752ff29f13fa20e976","FEMALE","35-49"
"2bb24f9aac3a11a4035e4f59329384a0","MALE","25-34"
"7552b1851fb84d44ec0972f8ab98dc05","FEMALE","35-49"
"63d9d386183bef9b62ee0ff8854eb16d","FEMALE","35-49"
"a98eeac605cd9e26b5977b0f81cebad4","MALE","35-49"
"a3abf94235cc11a3b2c2753790714c4e","FEMALE","35-49"
"88406000b5e489453db73826b7c09fb4","MALE","35-49"
"8b4aa80592b9c56c00a0f2590db44832","MALE","35-49"
"b7f951bc04a56c5f4c4fe8aed6c5b2b9","MALE","35-49"
"7bdab06d076f5d4b28dd74ab728a3a82","MALE","35-49"
"58d3c44e5215926336e051691a68a0f9","MALE","35-49"
"0002c5b3e462ba73a5d30b3ad2620b5c","MALE","25-34"
"0670da17ac936e666c98a3b399fd1f86","MALE","35-49"
"846d69c6a12322458d5cc03645f00d2e","FEMALE","35-49"
"ddd9375eb64fa752ec5795f97ada50cc","MALE","50-64"
"69449f79c930497121c2f0ea61608742","MALE","35-49"
"2468cef30234b0b6d584485edb879146","MALE","35-49"
"841d5aa8a974a9285c72655eaf0f459f","MALE","50-64"
"a344ae5613229a4e0e4b3dc4a99e4ab8","MALE","35-49"
"091e3da83de5db9520beda22548139a1","FEMALE","65-xx"
"da68af76b45fb8cfc8c0fe1117560522","MALE","25-34"
"1b4fb470c6e31ca02de14bfd2260e395","FEMALE","25-34"
"d15f51d73c27a2f0f897c7f8a44a8168","MALE","35-49"
"d08638b571c2305a2687f54defc8a566","MALE","25-34"
"24776dde2e6e010211c84fb2697fbf5f","FEMALE","35-49"
"e28518a6d7f1f0d8c6bb8b67c2fa2ec3","MALE","50-64"
"3c4058cb538e012afb806707060dd280","FEMALE","25-34"
"6aabca05271c39275b4aca27f6d954b3","MALE","50-64"
"e51aed25eaa38a45d62d4b296a6a1adc","FEMALE","50-64"
"bc9ddf93f89fa252d7b291f1aaaf62fb","MALE","35-49"
"49c857ec61f84c61ade46522c4fc149b","FEMALE","65-xx"
"f1255c2fcffdf239f4146d03acf02f19","MALE","25-34"
"88a2d0037c525eb52e012b0d3632b9df","MALE","25-34"
"43f91a92a71bebf5590b1b5fc2d94ee4","MALE","35-49"
"850b311e0d414ab087c222d86cfa571d","FEMALE","25-34"
"84cc4079564a58f5840ff1f4c4e68421","FEMALE","35-49"
"8f9b42818dbf473cb03b8674c51e997d","FEMALE","35-49"
"b95c6a927999dae0b5191d23a2f5f8c7","FEMALE","35-49"
"9366b1247acb25bb21f40e7ea694b7b2","MALE","35-49"
"a4437daaf3f9a041470688a4bc0ec1a2","FEMALE","35-49"
"ba1c1ed15c51edcb2b90800d99ec5f40","FEMALE","50-64"
"f116c5d886e283ead171e166b431a32f","FEMALE","25-34"
"255a34d27511e4428a9b98d4ecab828d","MALE","25-34"
"404ed461b4934a8d9cebb88b79c96763","FEMALE","25-34"
"ff969bb0d67a9ecb69a3485f53e676a4","FEMALE","50-64"
"0bfaccdd2fc203c391f54cbfb8304fde","MALE","50-64"
"a2213520beaff2774840d47361d38a21","FEMALE","35-49"
"7a42f316e5c86861126bbe7bd7a5ff48","MALE","35-49"
"1b3c2c2e5621369296cf39e31bbf587a","MALE","50-64"
"a8367cb456aaea837429fa44bc282a39","MALE","25-34"
"65fb2f3d116f165cb28bc06b9193698d","FEMALE","25-34"
"f1c9929754d150ad2f04203d5d812c5c","FEMALE","50-64"
"dcc318bcb4a4036655a0843b4fe7942e","FEMALE","35-49"
"97552fa76499e6895eafdc0814aebdfe","MALE","65-xx"
"74bb3f7ce78cb11c05588a8394a2ec77","MALE","25-34"
"9184e39db1647193a8dbcbc66d9cd8d9","MALE","35-49"
"55103440f765e8679f65b1481b1824de","FEMALE","50-64"
"a663d319369b4440d88c632d121fee83","MALE","18-24"
"7b084b261fdcb58481d1cef12a46f0da","FEMALE","25-34"
"a34d08cd72a393de9a435ea3b8e17b1b","MALE","25-34"
"1a43f005360000663e3af1cd0813aabd","FEMALE","25-34"
"f5cea01c991fe4ef97d8a83de93f0185","FEMALE","35-49"
"7b684f506237157264bde105aee491e7","MALE","50-64"
"a7706ffe162a9fe8def003aa74fa93d9","FEMALE","35-49"
"8211665b75fd407958e037fa4b49113a","MALE","50-64"
"f918181edc4e50414fc67bb738c3c1ec","MALE","25-34"
"c1311addbd69244cbf58e04c4d89384a","FEMALE","18-24"
"721fc9560ca674fab4b195ffa2bdd22c","FEMALE","35-49"
"48b537f774fec1402d7b00f364a315e8","FEMALE","25-34"
"9319fcefef4c46f05ee84e13f48b1751","FEMALE","18-24"
"78fc5b7dd2fe4277e1af41930ac2a683","MALE","35-49"
"dd437ad97079318550a4fa2bd5b987fe","FEMALE","25-34"
"8752b28c27e736ed24b2e66a57fb51b3","FEMALE","50-64"
"ff8f20e177721b8a8ed79f8d8844379c","FEMALE","35-49"
"e8c5270467874985b7c7ae90c4719788","FEMALE","25-34"
"d663450f605a9f3890e91be8053659c2","FEMALE","35-49"
"e6818b7c171928daa79522a08106d7e8","FEMALE","18-24"
"7640d65e4b2ed645cac2939a03e7fdbe","FEMALE","50-64"
"d89626612a9dd1fd6e4369ccf11538b0","FEMALE","35-49"
"5e51d4e322ad30dc81af9af8e94dda12","FEMALE","25-34"
"da9b304556d8c50868b4fdbc7889d899","MALE","50-64"
"240deaa8c134119da0b909bad8471f72","FEMALE","35-49"
"a5699f2b94f800b4b7d07dfc1c584edc","MALE","25-34"
"76361e81acd553b0e3b7a56408d9f703","FEMALE","35-49"
"d8b80ca39284ae5bdc07f38e8f9ae82d","MALE","25-34"
"eb71a2f93b2ed43de2c75609c512eb46","FEMALE","25-34"
"4cb0689ef8198e2977edd1ba4fa66271","MALE","35-49"
"31e6507a6c9e3dd9b612d9ecf0dd19f2","MALE","18-24"
"dbf3cb02269e7d4aaecce7fdd6c2bd8e","MALE","25-34"
"54b2f0256f67911b70b87d6a68628ac4","FEMALE","25-34"
"11884d03be7adf098073070389a450a9","FEMALE","50-64"
"1211e6133c77d1a8eccb71afd229574b","FEMALE","35-49"
"a4044d734aa0f6b61df47fa2de3d5a8c","MALE","50-64"
"1fadbfc76f8413f77e57903d8666c0aa","MALE","25-34"
"0410b4ee12b50967136f180fff777399","FEMALE","25-34"
"d455eab08438d594c5a6a9f4d6aea9f2","FEMALE","35-49"
"26a5a18a051e39f66f5b539213b53ab9","FEMALE","35-49"
"07ebe859a1b1368d566d7c4770590bf0","FEMALE","25-34"
"c9c047ae33d3d2db19aa24dfeeb49776","MALE","25-34"
"34f643a265e43979f5f82d9883fc58ef","MALE","35-49"
"474ef8317258e1fd46e0aab2efcdb769","FEMALE","35-49"
"34f0c9a2688ca63f0cdfa88002eade93","FEMALE","35-49"
"e5d6dffa923d21814f9af8efddd1f69a","FEMALE","18-24"
"50939db84bbbfd141c957bc64f883b1e","FEMALE","50-64"
"914b6a1afc7b2a0fe8942652d08a08d4","MALE","35-49"
"b1fb9c115485587e4fc3ac72aef2b118","MALE","18-24"
"c24762b3cb9afb4526f61d5a81ba1d79","FEMALE","35-49"
"400409642e5317a17dbb8af561aa130a","FEMALE","35-49"
"8296b295cad03c188f7c7e3f493cd51b","MALE","35-49"
"88f50838a2a9fe3db643c4c46f918fb3","FEMALE","35-49"
"b8627c2b2f73d5a0dd26893b64f9fd6a","MALE","35-49"
"e8be6f1c2d81db365e3a45d68bca53e7","MALE","35-49"
"c0d8318cea7ddcab350ea30e709770b5","FEMALE","25-34"
"62f2bfa6f8e06224a840d7db3d3d82c5","FEMALE","50-64"
"d3fabf6946d59b69ce52039159451465","FEMALE","18-24"
"814858ed989f78f4aeea8beca30face8","FEMALE","25-34"
"fd35334b114cf4d1ddc57829c255b0bd","MALE","25-34"
"961baca73e7bcaa813ddb82c911af5ae","MALE","35-49"
"dffbd25e749b3773c79a3439b11b7dc4","FEMALE","25-34"
"0813c1fdd58ac900edc4497eb0bb17f6","FEMALE","50-64"
"7ab3481df42b67a461d29510c95b6c9f","MALE","50-64"
"ae06cc39c0396c461b6ee0230c1419cc","MALE","25-34"
"02e6b395fcce942ed7522b7c76bcfecd","FEMALE","35-49"
"b26c7fc245ad94a020ba3c5116b77c84","MALE","50-64"
"7b4ded1c236ca7526ee7cba871361496","FEMALE","25-34"
"1512dab3d94586717e785556eb10d85f","MALE","50-64"
"246078902f43a1d61ec50b836cd697f9","FEMALE","50-64"
"3e1d397a624df1500a0a1dd474f14017","MALE","25-34"
"e78d6f20b8a49a86f7f8e881c1b5e23d","MALE","35-49"
"a679f7ede37b1a73af88c572c8bc2de8","MALE","25-34"
"d53a5ab018aef4e6608f9ccbe6ca449a","FEMALE","35-49"
"7abf98c6151822a0fbed608b14f6887c","FEMALE","50-64"
"10be300cc18fb4157cc460ebf0ff5a80","MALE","25-34"
"d83c532c9f34efeb281ca5c179902557","FEMALE","35-49"
"feda36041d4d3392bb5a923b5d35cf8a","MALE","50-64"
"0cabd31fe66ee301d3071e16cb6779a3","MALE","25-34"
"6258f7dbda64c7adde1313d8d1f0df41","MALE","25-34"
"802fd0a0a80a4df0ac4aff53c20c6f88","MALE","25-34"
"d3d955da016663c391cd6fc52fba0c8a","MALE","35-49"
"43a77711f361feb28679ea5559dc140a","MALE","35-49"
"67149b7dd62abfec43bacd17afb1c71c","FEMALE","25-34"
"a52427d0c793d146c90bd07d6f4decab","MALE","35-49"
"a6e54f61d8539a64d78c5e98f8fc5206","FEMALE","65-xx"
"3da4e3b8d22539df56d7777d512597ac","MALE","35-49"
"d10c215b5f74b6581759f9417705643c","FEMALE","35-49"
"beb02d9aa361963df9ad8ae8c129673e","MALE","35-49"
"5dfa26ddf57fb958ed53325b20dbab00","FEMALE","35-49"
"246bac3adfd4a85a1ee9e34d35aaef61","FEMALE","50-64"
"35aa516c42ad918aa5d708b6a946622d","FEMALE","25-34"
"de7ac994fbd96c24503aa86d9ce439f0","MALE","25-34"
"109e2d7308fea8e9506b1109acbb714a","FEMALE","35-49"
"89013d8e1ded12e8068a49d8ce568da3","MALE","35-49"
"a9c26924b6dda074bbdb2511a38d3d56","FEMALE","50-64"
"c9208885dae624a0d12aeba13c1e17f9","FEMALE","50-64"
"ffebde2ea8e58db6778f01ce69b3af3f","MALE","65-xx"
"42ba84d14529d860da6786ee6c60b2b5","MALE","50-64"
"d8e25e3185ce770d2d8bbe2a2f650838","MALE","35-49"
"666d73877301ccb1b24fe70823562513","FEMALE","18-24"
"c06f5b995c0670bcd509c412881cdcb4","FEMALE","35-49"
"8a2d7d7f43ba5a485b3726d250e34f00","FEMALE","50-64"
"812d84a7d985684b63a84cf8ab0c63b9","FEMALE","35-49"
"7ac1648c011024675f91f45ccfcb244f","MALE","35-49"
"2d62d55be4b8cee432ff50fcc58f7c0f","MALE","25-34"
"f7d8ae458eff12489df5d950117ef847","FEMALE","35-49"
"fa16b7ab84bf1e9b06041648e1591a47","FEMALE","50-64"
"90c6e8169b4179044d7539455a149141","FEMALE","50-64"
"8e7562bff1d3f565b534248229302e3b","FEMALE","50-64"
"33479bc8c4b5f6aef1c651587ea2baf7","FEMALE","35-49"
"b2fa3a87af1d36fac18e63656d2ccc4c","FEMALE","50-64"
"ae92d835c48d852d70bb98be129c020e","FEMALE","35-49"
"32aabfdc71f461cf4293966c86892ac8","MALE","35-49"
"c2d154a5187ea776fa043ba05e609683","MALE","35-49"
"8dff47aa86a53489eb367e2a8e010da2","FEMALE","25-34"
"c1637fb45072541a44a06e8e10356a84","FEMALE","35-49"
"ceefd2f3c96696ad321fea97bd94a930","MALE","35-49"
"1a25b86381e9fe4fc0f39ff3d2ca7dac","FEMALE","50-64"
"59efe758f891b8a9079a6e7dd63d90f7","FEMALE","25-34"
"ab3a2a63d347881bb3e58f8fc004f29a","MALE","35-49"
"289004eb14d7861c49886dc80341faed","MALE","65-xx"
"6529ec09970785e6c34d663ef3e11355","MALE","25-34"
"1c674f4da09702648fa1de63230a68de","FEMALE","35-49"
"cac5a26aad4f9be61075fddab61b2bc4","FEMALE","35-49"
"7bfd9b4735c229e35f886e86f49c7603","MALE","25-34"
"a464f023d67305591ff5d12b2e12a029","MALE","50-64"
"81d84246a74d608f3ee63a106cbb043b","FEMALE","25-34"
"246989374f97a4c6214f7d034ec613cd","MALE","35-49"
"fc20afe042175ae4c882afb4f5328108","FEMALE","18-24"
"741580e20c1bbf84283248bb00f6e834","MALE","35-49"
"3a10739fe58c090a02f4a0f69fa58237","MALE","35-49"
"1f4bb4451c85115fae498a49a936a66b","MALE","50-64"
"de98f8c1c2d764ec8d720f65bef87963","FEMALE","35-49"
"5f004dfb633bb6ce85930d48aa63eb33","MALE","25-34"
"e3cdd573b784b958a109245064deaa1e","FEMALE","25-34"
"a8e83e6c3b5e83ae4814adcabe24b566","MALE","35-49"
