ID,WC,WPS,Qmarks,Unique,Dic,Sixltr,funct,pronoun,ppron,i,we,you,shehe,they,ipron,article,verb,auxverb,past,present,future,adverb,preps,conj,negate,quant,number,swear,social,family,friend,humans,affect,posemo,negemo,anx,anger,sad,cogmech,insight,cause,discrep,tentat,certain,inhib,incl,excl,percept,see,hear,feel,bio,body,health,sexual,ingest,relativ,motion,space,time,work,achieve,leisure,home,money,relig,death,assent,nonfl,filler,GENDER,AGE
e8c5270467874985b7c7ae90c4719788,12,6,0,100,91.67,33.33,50,16.67,8.33,8.33,0,0,0,0,8.33,0,25,16.67,0,25,0,0,16.67,0,8.33,8.33,0,0,0,0,0,0,0,0,0,0,0,0,16.67,8.33,0,0,8.33,0,0,0,0,0,0,0,0,0,0,0,0,0,25,0,8.33,16.67,0,0,0,0,8.33,0,0,0,0,0,FEMALE,25-34
965d3e5d61a5630a23f8f992ed78b623,16,16,0,87.5,37.5,31.25,6.25,0,0,0,0,0,0,0,0,0,0,0,0,0,0,0,6.25,0,0,0,12.5,0,0,0,0,0,6.25,0,6.25,0,0,6.25,0,0,0,0,0,0,0,0,0,0,0,0,0,0,0,0,0,0,12.5,0,6.25,6.25,18.75,0,0,0,12.5,0,0,0,0,0,MALE,35-49
da68af76b45fb8cfc8c0fe1117560522,22,5.5,0,100,77.27,31.82,45.45,13.64,9.09,9.09,0,0,0,0,4.55,4.55,9.09,4.55,4.55,4.55,0,4.55,22.73,0,0,0,0,0,4.55,0,0,0,13.64,4.55,9.09,0,0,4.55,0,0,0,0,0,0,0,0,0,0,0,0,0,0,0,0,0,0,18.18,0,13.64,4.55,9.09,0,0,0,4.55,0,0,0,0,0,MALE,25-34
f918181edc4e50414fc67bb738c3c1ec,21,21,0,95.24,47.62,9.52,33.33,4.76,0,0,0,0,0,0,4.76,4.76,9.52,9.52,0,4.76,4.76,0,9.52,4.76,0,0,4.76,0,4.76,0,0,0,4.76,0,4.76,0,4.76,0,9.52,0,0,4.76,0,4.76,0,4.76,0,4.76,4.76,0,0,0,0,0,0,0,4.76,0,0,4.76,0,0,0,0,0,0,0,0,0,0,MALE,25-34
1a43f005360000663e3af1cd0813aabd,8,8,0,100,0,12.5,0,0,0,0,0,0,0,0,0,0,0,0,0,0,0,0,0,0,0,0,0,0,0,0,0,0,0,0,0,0,0,0,0,0,0,0,0,0,0,0,0,0,0,0,0,0,0,0,0,0,0,0,0,0,0,0,0,0,0,0,0,0,0,0,FEMALE,25-34
a679f7ede37b1a73af88c572c8bc2de8,8,4,0,75,50,0,25,12.5,12.5,12.5,0,0,0,0,0,0,0,0,0,0,0,0,12.5,0,0,0,25,0,0,0,0,0,0,0,0,0,0,0,12.5,0,0,0,0,0,0,12.5,0,0,0,0,0,12.5,0,0,0,12.5,12.5,0,12.5,0,0,0,12.5,0,0,0,0,12.5,0,0,MALE,25-34
7ac1648c011024675f91f45ccfcb244f,14,14,0,85.71,42.86,14.29,14.29,0,0,0,0,0,0,0,0,7.14,0,0,0,0,0,0,7.14,0,0,0,7.14,0,7.14,0,0,0,0,0,0,0,0,0,0,0,0,0,0,0,0,0,0,0,0,0,0,0,0,0,0,0,7.14,0,7.14,0,0,0,21.43,0,0,0,0,0,0,0,MALE,35-49
4728c0de3f8b6de737f25cb1d037abbe,4,2,0,100,75,0,50,25,25,25,0,0,0,0,0,0,0,0,0,0,0,0,0,0,0,0,25,0,0,0,0,0,0,0,0,0,0,0,0,0,0,0,0,0,0,0,0,0,0,0,0,0,0,0,0,0,25,0,0,25,0,25,0,0,0,0,0,25,0,0,MALE,25-34
1a5c719927ffc0125d700c78325c3079,23,23,0,100,26.09,17.39,8.7,0,0,0,0,0,0,0,0,0,0,0,0,0,0,4.35,4.35,0,0,0,0,0,0,0,0,0,4.35,4.35,0,0,0,0,0,0,0,0,0,0,0,0,0,0,0,0,0,4.35,4.35,0,0,0,8.7,0,4.35,4.35,4.35,0,0,0,0,0,0,0,0,0,MALE,35-49
1512dab3d94586717e785556eb10d85f,25,12.5,0,100,92,8,56,8,8,4,0,0,0,4,0,8,12,8,0,16,0,4,28,12,0,0,0,8,8,0,0,0,8,0,8,0,8,0,24,4,4,0,0,0,0,8,8,0,0,0,0,16,4,0,4,8,20,0,16,4,0,0,0,0,0,0,0,0,0,0,MALE,50-64
ffebde2ea8e58db6778f01ce69b3af3f,4,4,0,100,25,0,0,0,0,0,0,0,0,0,0,0,0,0,0,0,0,0,0,0,0,0,0,0,0,0,0,0,25,25,0,0,0,0,25,0,0,25,25,0,0,0,0,0,0,0,0,0,0,0,0,0,0,0,0,0,0,0,0,0,0,0,0,0,0,0,MALE,65-xx
2468cef30234b0b6d584485edb879146,18,9,0,88.89,77.78,11.11,55.56,5.56,5.56,5.56,0,0,0,0,0,11.11,11.11,11.11,5.56,5.56,0,0,16.67,0,5.56,11.11,5.56,0,0,0,0,0,5.56,0,5.56,0,0,5.56,11.11,0,0,0,0,5.56,0,0,5.56,0,0,0,0,0,0,0,0,0,22.22,0,11.11,11.11,5.56,0,0,0,0,0,0,0,0,0,MALE,35-49
2e829b013a4ae3639c50d9e929cda32a,16,16,0,100,56.25,12.5,43.75,6.25,6.25,0,0,6.25,0,0,0,6.25,18.75,6.25,0,18.75,0,0,25,0,6.25,0,0,0,6.25,0,0,0,0,0,0,0,0,0,6.25,0,0,0,0,0,6.25,0,0,6.25,6.25,0,0,0,0,0,0,0,12.5,0,12.5,0,0,0,0,0,0,0,0,0,0,0,MALE,35-49
a464f023d67305591ff5d12b2e12a029,9,9,0,77.78,11.11,11.11,11.11,0,0,0,0,0,0,0,0,0,0,0,0,0,0,0,11.11,0,0,0,22.22,0,0,0,0,0,0,0,0,0,0,0,0,0,0,0,0,0,0,0,0,0,0,0,0,0,0,0,0,0,0,0,0,0,0,0,0,0,0,0,0,0,0,0,MALE,50-64
5f004dfb633bb6ce85930d48aa63eb33,24,8,8.33,95.83,66.67,16.67,33.33,12.5,8.33,0,0,8.33,0,0,4.17,4.17,12.5,8.33,0,8.33,4.17,0,8.33,4.17,0,0,4.17,0,20.83,0,4.17,0,8.33,8.33,0,0,0,0,4.17,0,0,0,0,0,0,4.17,0,0,0,0,0,16.67,0,0,8.33,8.33,20.83,4.17,8.33,8.33,0,0,4.17,0,4.17,0,0,0,0,0,MALE,25-34
7a42f316e5c86861126bbe7bd7a5ff48,17,17,0,94.12,58.82,23.53,41.18,17.65,11.76,11.76,0,0,0,0,5.88,0,17.65,17.65,0,17.65,0,5.88,0,5.88,5.88,0,5.88,0,0,0,0,0,5.88,0,5.88,0,5.88,0,11.76,0,0,0,0,0,0,5.88,5.88,0,0,0,0,0,0,0,0,0,11.76,0,0,11.76,0,0,0,0,0,0,0,0,0,0,MALE,35-49
437637df7acbd4b438a87fb52c95b4ec,8,8,0,100,75,37.5,37.5,25,12.5,12.5,0,0,0,0,12.5,0,37.5,25,12.5,25,0,0,0,0,0,0,0,0,0,0,0,0,0,0,0,0,0,0,0,0,0,0,0,0,0,0,0,0,0,0,0,0,0,0,0,0,37.5,12.5,12.5,12.5,0,0,12.5,0,0,0,0,0,0,0,MALE,18-24
d08638b571c2305a2687f54defc8a566,15,15,0,100,86.67,20,53.33,20,13.33,6.67,0,6.67,0,0,6.67,6.67,6.67,0,0,6.67,0,6.67,6.67,6.67,0,6.67,0,0,20,0,0,0,6.67,6.67,0,0,0,0,33.33,6.67,0,0,6.67,0,0,13.33,6.67,0,0,0,0,0,0,0,0,0,6.67,6.67,0,0,6.67,0,0,0,0,0,0,0,0,0,MALE,25-34
a344ae5613229a4e0e4b3dc4a99e4ab8,9,9,0,100,11.11,0,11.11,0,0,0,0,0,0,0,0,0,0,0,0,0,0,0,0,0,0,0,11.11,0,0,0,0,0,0,0,0,0,0,0,0,0,0,0,0,0,0,0,0,0,0,0,0,0,0,0,0,0,0,0,0,0,0,0,0,0,0,0,0,0,0,0,MALE,35-49
3fffe236fed0e6e3c3b85b87683a1893,23,23,0,95.65,91.3,13.04,34.78,13.04,8.7,8.7,0,0,0,0,4.35,4.35,8.7,4.35,0,4.35,4.35,0,17.39,0,0,4.35,0,0,8.7,0,0,0,0,0,0,0,0,0,8.7,0,4.35,0,0,0,0,4.35,0,4.35,4.35,0,0,0,0,0,0,0,30.43,8.7,8.7,13.04,8.7,8.7,8.7,0,0,0,0,0,0,0,FEMALE,35-49
0cabd31fe66ee301d3071e16cb6779a3,23,23,0,82.61,43.48,21.74,21.74,4.35,4.35,0,4.35,0,0,0,0,4.35,8.7,4.35,4.35,4.35,0,0,8.7,0,0,0,13.04,0,4.35,0,0,0,4.35,4.35,0,0,0,0,13.04,8.7,0,0,0,0,0,4.35,0,0,0,0,0,0,0,0,0,0,4.35,0,4.35,0,13.04,0,0,0,0,0,0,0,0,0,MALE,25-34
f1c9929754d150ad2f04203d5d812c5c,16,16,0,87.5,56.25,25,31.25,6.25,0,0,0,0,0,0,6.25,6.25,0,0,0,0,0,0,12.5,0,0,6.25,12.5,0,0,0,0,0,6.25,6.25,0,0,0,0,6.25,0,0,0,0,0,0,0,0,0,0,0,0,12.5,0,12.5,0,0,12.5,0,12.5,0,0,6.25,0,0,0,0,0,0,0,0,FEMALE,50-64
fcf9555aa8e3d8acffdc5e5759ebd291,18,18,0,88.89,55.56,11.11,38.89,0,0,0,0,0,0,0,0,11.11,11.11,11.11,0,11.11,0,5.56,5.56,5.56,0,5.56,0,0,0,0,0,0,5.56,5.56,0,0,0,0,0,0,0,0,0,0,0,0,0,0,0,0,0,0,0,0,0,0,16.67,0,5.56,5.56,0,5.56,0,0,0,0,0,0,0,0,MALE,35-49
c18eb25f7e2969efe1484be29f9ee3e0,23,5.75,0,91.3,73.91,21.74,39.13,17.39,13.04,13.04,0,0,0,0,4.35,4.35,8.7,8.7,0,8.7,0,0,8.7,4.35,0,8.7,0,0,8.7,0,0,0,4.35,4.35,0,0,0,0,8.7,0,0,0,0,0,4.35,4.35,0,8.7,0,8.7,0,4.35,0,0,0,4.35,4.35,0,4.35,0,4.35,4.35,4.35,0,8.7,0,0,0,0,0,MALE,25-34
a9c26924b6dda074bbdb2511a38d3d56,16,16,0,93.75,43.75,31.25,25,0,0,0,0,0,0,0,0,12.5,0,0,0,0,0,0,6.25,0,0,6.25,6.25,0,6.25,0,0,0,18.75,18.75,0,0,0,0,0,0,0,0,0,0,0,0,0,0,0,0,0,0,0,0,0,0,0,0,0,0,6.25,6.25,0,0,6.25,0,0,0,0,0,FEMALE,50-64
867ba4b6f08704fe89a81dfa6f40aaf7,11,11,0,81.82,45.45,18.18,27.27,0,0,0,0,0,0,0,0,9.09,0,0,0,0,0,0,18.18,0,0,0,9.09,0,9.09,0,0,0,0,0,0,0,0,0,9.09,0,0,0,0,0,0,9.09,0,0,0,0,0,0,0,0,0,0,27.27,0,18.18,9.09,0,0,0,0,0,0,0,0,0,0,MALE,35-49
1c674f4da09702648fa1de63230a68de,8,8,0,100,37.5,0,12.5,0,0,0,0,0,0,0,0,0,0,0,0,0,0,0,12.5,0,0,0,0,0,0,0,0,0,0,0,0,0,0,0,0,0,0,0,0,0,0,0,0,0,0,0,0,0,0,0,0,0,12.5,0,0,12.5,12.5,12.5,0,0,0,0,0,0,0,0,FEMALE,35-49
834c49eb87d78c8d56e5a7c3b76b2391,6,6,0,100,33.33,0,0,0,0,0,0,0,0,0,0,0,0,0,0,0,0,0,0,0,0,0,0,0,0,0,0,0,16.67,16.67,0,0,0,0,0,0,0,0,0,0,0,0,0,16.67,16.67,0,0,0,0,0,0,0,16.67,0,0,16.67,0,0,0,0,0,0,0,0,0,0,FEMALE,35-49
f7f564bb8997db9f6d6dac4b52534ba5,23,23,4.35,86.96,39.13,13.04,30.43,0,0,0,0,0,0,0,0,4.35,8.7,8.7,0,8.7,0,8.7,8.7,0,0,0,4.35,0,0,0,0,0,0,0,0,0,0,0,0,0,0,0,0,0,0,0,0,0,0,0,0,0,0,0,0,0,21.74,4.35,8.7,8.7,4.35,0,0,0,0,0,0,0,0,0,MALE,35-49
ab70027ac0e4d42b9125fe611f6c3f6b,14,14,0,100,14.29,14.29,14.29,0,0,0,0,0,0,0,0,0,7.14,7.14,0,7.14,0,0,7.14,0,0,0,0,0,0,0,0,0,0,0,0,0,0,0,0,0,0,0,0,0,0,0,0,0,0,0,0,0,0,0,0,0,7.14,0,7.14,0,0,0,0,0,0,0,0,0,0,0,MALE,25-34
ff8f20e177721b8a8ed79f8d8844379c,20,10,5,95,70,40,40,10,5,0,0,5,0,0,5,5,5,5,0,0,0,0,15,5,0,0,5,0,5,0,0,0,5,5,0,0,0,0,20,0,5,0,5,0,0,10,0,0,0,0,0,0,0,0,0,0,10,0,5,5,5,10,0,0,0,0,0,0,0,0,FEMALE,35-49
43f91a92a71bebf5590b1b5fc2d94ee4,8,8,0,87.5,25,0,25,12.5,12.5,12.5,0,0,0,0,0,0,0,0,0,0,0,0,12.5,0,0,0,12.5,0,0,0,0,0,0,0,0,0,0,0,0,0,0,0,0,0,0,0,0,0,0,0,0,0,0,0,0,0,12.5,0,12.5,0,0,0,0,0,0,0,0,0,0,0,MALE,35-49
a8367cb456aaea837429fa44bc282a39,11,11,0,90.91,81.82,18.18,45.45,27.27,18.18,9.09,9.09,0,0,0,9.09,0,36.36,9.09,18.18,18.18,0,0,9.09,0,0,0,0,0,9.09,0,0,0,0,0,0,0,0,0,0,0,0,0,0,0,0,0,0,9.09,9.09,0,0,0,0,0,0,0,18.18,0,0,18.18,9.09,0,0,0,9.09,0,0,0,0,0,MALE,25-34
49c857ec61f84c61ade46522c4fc149b,14,14,0,92.86,64.29,35.71,35.71,7.14,0,0,0,0,0,0,7.14,7.14,0,0,0,0,0,7.14,14.29,0,0,0,0,0,0,0,0,0,0,0,0,0,0,0,14.29,0,0,7.14,0,7.14,0,0,0,0,0,0,0,7.14,0,7.14,0,0,7.14,0,0,7.14,7.14,0,7.14,0,0,0,0,7.14,0,0,FEMALE,65-xx
f1255c2fcffdf239f4146d03acf02f19,13,13,0,84.62,61.54,30.77,38.46,7.69,7.69,7.69,0,0,0,0,0,0,15.38,7.69,7.69,7.69,0,0,15.38,7.69,7.69,0,7.69,0,0,0,0,0,0,0,0,0,0,0,15.38,0,7.69,0,0,0,0,7.69,0,0,0,0,0,0,0,0,0,0,30.77,0,15.38,15.38,0,0,0,0,0,0,0,0,0,0,MALE,25-34
bc9ddf93f89fa252d7b291f1aaaf62fb,10,5,0,100,0,10,0,0,0,0,0,0,0,0,0,0,0,0,0,0,0,0,0,0,0,0,0,0,0,0,0,0,0,0,0,0,0,0,0,0,0,0,0,0,0,0,0,0,0,0,0,0,0,0,0,0,0,0,0,0,0,0,0,0,0,0,0,0,0,0,MALE,35-49
ed9d28f8b48cbbc22905eb0e4939a971,19,9.5,0,100,84.21,26.32,47.37,15.79,5.26,5.26,0,0,0,0,10.53,0,21.05,10.53,0,21.05,0,5.26,5.26,10.53,0,5.26,0,0,5.26,0,0,0,21.05,21.05,0,0,0,0,47.37,0,5.26,5.26,15.79,10.53,10.53,5.26,5.26,5.26,0,5.26,0,0,0,0,0,0,5.26,0,5.26,0,0,5.26,0,0,0,0,0,0,0,0,FEMALE,25-34
1fdd04c26f06b99676108652dc4d443f,19,19,0,94.74,52.63,15.79,31.58,10.53,10.53,0,0,10.53,0,0,0,0,10.53,5.26,0,10.53,0,0,10.53,0,0,0,5.26,0,10.53,0,0,0,5.26,5.26,0,0,0,0,0,0,0,0,0,0,0,0,0,0,0,0,0,0,0,0,0,0,5.26,0,0,5.26,5.26,0,0,0,5.26,0,0,0,0,0,MALE,35-49
0670da17ac936e666c98a3b399fd1f86,21,21,0,76.19,52.38,14.29,28.57,4.76,4.76,0,0,0,0,4.76,0,0,9.52,4.76,0,4.76,4.76,0,14.29,0,0,9.52,19.05,0,9.52,0,0,0,4.76,4.76,0,0,0,0,9.52,0,0,0,0,4.76,0,4.76,0,4.76,4.76,0,0,0,0,0,0,0,14.29,0,9.52,9.52,4.76,0,0,0,0,4.76,0,0,0,4.76,MALE,35-49
9184e39db1647193a8dbcbc66d9cd8d9,11,11,0,90.91,45.45,36.36,9.09,0,0,0,0,0,0,0,0,0,0,0,0,0,0,0,9.09,0,0,0,9.09,0,0,0,0,0,0,0,0,0,0,0,18.18,18.18,0,0,0,0,0,0,0,9.09,0,9.09,0,0,0,0,0,0,9.09,0,0,9.09,0,0,0,0,0,0,0,0,0,0,MALE,35-49
42ba84d14529d860da6786ee6c60b2b5,15,15,0,100,33.33,26.67,20,0,0,0,0,0,0,0,0,6.67,0,0,0,0,0,6.67,6.67,0,0,0,0,0,0,0,0,0,6.67,6.67,0,0,0,0,6.67,0,0,0,0,0,0,0,6.67,0,0,0,0,0,0,0,0,0,6.67,0,6.67,0,6.67,0,0,0,0,0,0,0,0,0,MALE,50-64
046558ebe99f72a0f5c066e14fe02df3,17,17,0,94.12,41.18,35.29,23.53,11.76,5.88,5.88,0,0,0,0,5.88,0,5.88,5.88,0,0,5.88,0,0,5.88,0,0,0,0,0,0,0,0,5.88,5.88,0,0,0,0,23.53,11.76,0,0,5.88,0,0,5.88,0,0,0,0,0,0,0,0,0,0,0,0,0,0,0,0,0,0,0,0,0,0,0,0,MALE,35-49
1f4bb4451c85115fae498a49a936a66b,13,13,0,100,46.15,15.38,30.77,0,0,0,0,0,0,0,0,7.69,0,0,0,0,0,7.69,7.69,15.38,0,0,0,0,7.69,0,0,0,0,0,0,0,0,0,15.38,0,7.69,0,0,0,0,7.69,0,0,0,0,0,0,0,0,0,0,0,0,0,0,0,7.69,0,0,0,0,0,0,0,0,MALE,50-64
f5cea01c991fe4ef97d8a83de93f0185,16,16,0,100,50,43.75,12.5,0,0,0,0,0,0,0,0,0,0,0,0,0,0,0,12.5,0,0,0,0,0,0,0,0,0,0,0,0,0,0,0,0,0,0,0,0,0,0,0,0,0,0,0,0,0,0,0,0,0,12.5,0,12.5,0,31.25,0,0,0,12.5,0,0,0,0,0,FEMALE,35-49
8fcb64811fd61f1c81c31cd3197f4b6c,27,9,0,88.89,62.96,14.81,44.44,14.81,14.81,14.81,0,0,0,0,0,0,18.52,11.11,0,11.11,7.41,0,11.11,7.41,3.7,0,3.7,0,0,0,0,0,7.41,3.7,3.7,0,0,3.7,7.41,0,0,3.7,3.7,0,0,3.7,3.7,3.7,3.7,0,0,0,0,0,0,0,14.81,3.7,7.41,3.7,0,3.7,0,0,0,0,0,0,0,0,FEMALE,25-34
9319fcefef4c46f05ee84e13f48b1751,4,4,0,100,25,0,0,0,0,0,0,0,0,0,0,0,0,0,0,0,0,0,0,0,0,0,0,0,25,0,0,0,0,0,0,0,0,0,0,0,0,0,0,0,0,0,0,0,0,0,0,0,0,0,0,0,0,0,0,0,0,0,0,0,0,0,0,0,0,0,FEMALE,18-24
6321d152d84095b8724cfd7cdd1275ed,27,27,0,96.3,77.78,11.11,51.85,22.22,14.81,7.41,0,7.41,0,0,7.41,3.7,18.52,11.11,0,11.11,3.7,7.41,3.7,7.41,0,0,3.7,0,7.41,0,0,0,3.7,3.7,0,0,0,0,14.81,3.7,0,7.41,3.7,0,0,3.7,3.7,0,0,0,0,0,0,0,0,0,7.41,0,0,7.41,7.41,0,0,0,3.7,0,0,0,0,0,MALE,50-64
d663450f605a9f3890e91be8053659c2,6,6,0,100,33.33,33.33,0,0,0,0,0,0,0,0,0,0,0,0,0,0,0,0,0,0,0,0,0,0,0,0,0,0,16.67,16.67,0,0,0,0,0,0,0,0,0,0,0,0,0,16.67,0,0,0,0,0,0,0,0,0,0,0,0,0,0,0,0,0,0,0,16.67,0,0,FEMALE,35-49
0bfaccdd2fc203c391f54cbfb8304fde,12,12,0,100,33.33,33.33,16.67,8.33,8.33,0,8.33,0,0,0,0,8.33,0,0,0,0,0,0,0,0,0,0,0,0,8.33,0,0,0,8.33,8.33,0,0,0,0,8.33,0,0,0,0,0,8.33,0,0,0,0,0,0,0,0,0,0,0,0,0,0,0,8.33,0,0,0,8.33,0,0,0,0,0,MALE,50-64
f116c5d886e283ead171e166b431a32f,16,8,0,100,50,43.75,31.25,6.25,6.25,0,0,0,6.25,0,0,6.25,6.25,6.25,6.25,0,0,6.25,12.5,0,0,0,0,0,6.25,0,0,0,6.25,6.25,0,0,0,0,0,0,0,0,0,0,0,0,0,0,0,0,0,0,0,0,0,0,0,0,0,0,6.25,6.25,0,0,0,0,0,0,0,0,FEMALE,25-34
6b7879b5036f18752ff29f13fa20e976,22,5.5,0,100,45.45,18.18,22.73,9.09,9.09,9.09,0,0,0,0,0,0,9.09,4.55,4.55,0,0,4.55,4.55,0,0,0,0,0,9.09,0,0,4.55,4.55,4.55,0,0,0,0,0,0,0,0,0,0,0,0,0,0,0,0,0,0,0,0,0,0,9.09,0,0,9.09,0,0,0,0,4.55,0,0,0,0,0,FEMALE,35-49
850b311e0d414ab087c222d86cfa571d,12,12,0,83.33,25,25,0,0,0,0,0,0,0,0,0,0,0,0,0,0,0,0,0,0,0,0,8.33,0,0,0,0,0,8.33,8.33,0,0,0,0,8.33,0,0,0,0,0,0,0,0,0,0,0,0,0,0,0,0,0,8.33,0,0,8.33,0,0,0,0,0,0,0,0,0,0,FEMALE,25-34
7b684f506237157264bde105aee491e7,15,15,0,86.67,46.67,40,20,0,0,0,0,0,0,0,0,6.67,6.67,6.67,0,6.67,0,0,0,6.67,0,0,6.67,0,13.33,0,0,0,6.67,6.67,0,0,0,0,6.67,0,0,0,0,0,0,6.67,0,0,0,0,0,0,0,0,0,0,6.67,0,0,6.67,13.33,0,0,0,0,0,0,0,0,0,MALE,50-64
18b3dbc0bbe1dd57446d5c9bc26e17d8,6,6,0,100,16.67,33.33,0,0,0,0,0,0,0,0,0,0,0,0,0,0,0,0,0,0,0,0,0,0,0,0,0,0,16.67,16.67,0,0,0,0,0,0,0,0,0,0,0,0,0,0,0,0,0,0,0,0,0,0,0,0,0,0,0,0,0,0,0,0,0,0,0,0,MALE,50-64
b9bb3391de9efeb823f9286baf74a90a,24,24,0,95.83,58.33,12.5,29.17,4.17,4.17,4.17,0,0,0,0,0,0,4.17,0,0,4.17,0,0,16.67,4.17,0,0,8.33,0,4.17,0,0,0,8.33,8.33,0,0,0,0,8.33,0,0,0,0,0,0,8.33,0,0,0,0,0,8.33,0,4.17,4.17,0,16.67,0,12.5,4.17,8.33,0,0,0,0,0,0,0,0,4.17,FEMALE,35-49
85ec741f5abaf5b32b29bd48ec786aea,7,7,0,100,100,28.57,14.29,0,0,0,0,0,0,0,0,0,14.29,0,0,14.29,0,14.29,0,0,0,0,0,0,0,0,0,0,42.86,28.57,14.29,0,0,14.29,14.29,0,0,0,0,14.29,0,0,0,28.57,28.57,0,0,0,0,0,0,0,42.86,0,14.29,28.57,0,0,0,0,0,0,0,0,0,0,MALE,25-34
88406000b5e489453db73826b7c09fb4,24,12,4.17,95.83,45.83,12.5,29.17,16.67,16.67,8.33,0,8.33,0,0,0,4.17,16.67,12.5,4.17,8.33,0,0,0,4.17,0,0,4.17,0,20.83,0,0,0,0,0,0,0,0,0,4.17,0,0,0,0,0,0,0,4.17,4.17,0,4.17,0,0,0,0,0,0,4.17,0,0,4.17,0,0,0,0,0,0,0,0,0,0,MALE,35-49
d8e25e3185ce770d2d8bbe2a2f650838,8,8,0,100,12.5,0,0,0,0,0,0,0,0,0,0,0,0,0,0,0,0,0,0,0,0,0,0,0,0,0,0,0,0,0,0,0,0,0,0,0,0,0,0,0,0,0,0,0,0,0,0,0,0,0,0,0,12.5,0,0,12.5,0,0,0,0,0,0,0,0,0,0,MALE,35-49
b8627c2b2f73d5a0dd26893b64f9fd6a,13,13,0,84.62,7.69,38.46,0,0,0,0,0,0,0,0,0,0,0,0,0,0,0,0,0,0,0,0,7.69,0,0,0,0,0,0,0,0,0,0,0,0,0,0,0,0,0,0,0,0,0,0,0,0,0,0,0,0,0,7.69,7.69,0,0,0,0,7.69,0,0,0,0,0,0,0,MALE,35-49
8211665b75fd407958e037fa4b49113a,10,10,0,100,40,30,20,0,0,0,0,0,0,0,0,0,0,0,0,0,0,10,0,0,0,0,10,0,0,0,0,0,0,0,0,0,0,0,0,0,0,0,0,0,0,0,0,0,0,0,0,0,0,0,0,0,10,0,10,0,0,0,0,0,0,10,0,0,0,0,MALE,50-64
5e229742c224c13d32d71fc8a5e15fda,22,22,0,90.91,40.91,22.73,22.73,0,0,0,0,0,0,0,0,4.55,0,0,0,0,0,0,13.64,4.55,0,0,9.09,0,0,0,0,0,0,0,0,0,0,0,18.18,9.09,4.55,4.55,0,0,0,9.09,0,9.09,9.09,0,0,0,0,0,0,0,0,0,0,0,0,0,0,0,0,0,0,0,0,0,FEMALE,25-34
8752b28c27e736ed24b2e66a57fb51b3,16,8,0,87.5,62.5,25,37.5,6.25,6.25,0,0,0,0,6.25,0,12.5,12.5,6.25,0,12.5,0,0,12.5,0,0,0,0,0,6.25,0,0,0,6.25,6.25,0,0,0,0,6.25,0,6.25,0,0,0,0,0,0,0,0,0,0,0,0,0,0,0,0,0,0,0,6.25,0,12.5,0,0,0,0,0,0,0,FEMALE,50-64
914b6a1afc7b2a0fe8942652d08a08d4,22,11,4.55,90.91,27.27,27.27,9.09,0,0,0,0,0,0,0,0,0,0,0,0,0,0,0,9.09,0,0,0,9.09,0,0,0,0,0,9.09,9.09,0,0,0,0,4.55,0,0,0,0,4.55,0,0,0,0,0,0,0,0,0,0,0,0,9.09,0,4.55,4.55,0,4.55,4.55,0,0,0,0,0,0,0,MALE,35-49
e3dbc57577fe8f9112780feef7e6db7f,19,19,0,94.74,57.89,15.79,36.84,15.79,10.53,5.26,5.26,0,0,0,5.26,10.53,10.53,5.26,5.26,5.26,0,0,5.26,0,0,0,5.26,0,5.26,0,0,0,5.26,5.26,0,0,0,0,10.53,0,0,0,0,0,0,10.53,0,0,0,0,0,0,0,0,0,0,5.26,0,5.26,0,5.26,5.26,10.53,0,0,0,0,0,0,0,MALE,50-64
ab3a2a63d347881bb3e58f8fc004f29a,12,12,0,91.67,75,16.67,50,0,0,0,0,0,0,0,0,8.33,8.33,0,0,8.33,0,8.33,41.67,0,0,0,8.33,0,0,0,0,0,8.33,8.33,0,0,0,0,0,0,0,0,0,0,0,0,0,0,0,0,0,0,0,0,0,0,33.33,8.33,25,0,0,0,0,0,0,0,0,0,0,0,MALE,35-49
8dff47aa86a53489eb367e2a8e010da2,18,9,0,94.44,88.89,11.11,50,16.67,16.67,16.67,0,0,0,0,0,5.56,22.22,11.11,5.56,16.67,0,5.56,5.56,0,0,11.11,0,0,0,0,0,0,5.56,0,5.56,0,0,5.56,11.11,0,0,11.11,0,0,0,0,0,0,0,0,0,0,0,0,0,0,11.11,0,0,11.11,5.56,11.11,5.56,0,0,0,0,0,0,0,FEMALE,25-34
34f643a265e43979f5f82d9883fc58ef,9,9,0,100,66.67,33.33,33.33,0,0,0,0,0,0,0,0,11.11,0,0,0,0,0,0,22.22,0,0,0,0,0,0,0,0,0,0,0,0,0,0,0,0,0,0,0,0,0,0,0,0,0,0,0,0,0,0,0,0,0,22.22,0,11.11,11.11,22.22,0,0,0,0,0,0,0,0,0,MALE,35-49
06397fdfd86224178edc2956b5aa00a0,5,5,0,100,80,20,40,20,20,0,0,20,0,0,0,0,0,0,0,0,0,0,0,0,0,20,0,0,20,0,0,0,0,0,0,0,0,0,0,0,0,0,0,0,0,0,0,0,0,0,0,0,0,0,0,0,20,0,0,40,0,0,0,0,0,0,0,0,0,20,MALE,35-49
78fc5b7dd2fe4277e1af41930ac2a683,21,21,0,95.24,66.67,19.05,47.62,14.29,14.29,0,0,14.29,0,0,0,4.76,19.05,19.05,4.76,9.52,4.76,0,9.52,4.76,0,0,0,0,19.05,0,0,0,0,0,0,0,0,0,9.52,0,0,4.76,9.52,0,0,0,4.76,0,0,0,0,14.29,9.52,4.76,0,0,9.52,0,9.52,0,0,0,0,0,0,0,0,0,0,0,MALE,35-49
8a2d7d7f43ba5a485b3726d250e34f00,29,29,0,79.31,31.03,10.34,13.79,0,0,0,0,0,0,0,0,0,3.45,0,0,3.45,0,0,13.79,3.45,0,0,17.24,0,0,0,0,0,0,0,0,0,0,0,3.45,0,0,0,0,0,0,3.45,0,0,0,0,0,0,0,0,0,0,27.59,3.45,6.9,17.24,0,0,0,0,0,0,0,0,0,0,FEMALE,50-64
e51aed25eaa38a45d62d4b296a6a1adc,13,13,0,76.92,0,15.38,0,0,0,0,0,0,0,0,0,0,0,0,0,0,0,0,0,0,0,0,15.38,0,0,0,0,0,0,0,0,0,0,0,0,0,0,0,0,0,0,0,0,0,0,0,0,0,0,0,0,0,0,0,0,0,0,0,0,0,0,0,0,0,0,0,FEMALE,50-64
e5d6dffa923d21814f9af8efddd1f69a,18,9,0,94.44,66.67,11.11,38.89,22.22,16.67,0,0,16.67,0,0,5.56,5.56,16.67,5.56,0,11.11,0,0,0,5.56,0,0,0,0,27.78,0,0,0,16.67,16.67,0,0,0,0,5.56,0,0,0,0,0,0,5.56,0,0,0,0,0,11.11,0,0,11.11,0,5.56,0,0,5.56,0,0,5.56,0,0,0,0,0,0,0,FEMALE,18-24
dcc318bcb4a4036655a0843b4fe7942e,11,11,0,90.91,54.55,9.09,36.36,9.09,0,0,0,0,0,0,9.09,0,9.09,9.09,0,9.09,0,9.09,0,9.09,0,18.18,9.09,0,0,0,0,0,9.09,0,9.09,0,0,9.09,9.09,0,0,0,0,9.09,0,0,0,0,0,0,0,0,0,0,0,0,18.18,0,0,18.18,9.09,9.09,0,0,0,0,0,0,0,0,FEMALE,35-49
3a10739fe58c090a02f4a0f69fa58237,18,18,0,88.89,66.67,38.89,44.44,5.56,0,0,0,0,0,0,5.56,0,0,0,0,0,0,5.56,22.22,0,0,11.11,0,0,0,0,0,0,0,0,0,0,0,0,16.67,0,0,0,16.67,0,0,0,0,0,0,0,0,0,0,0,0,0,33.33,5.56,11.11,16.67,5.56,5.56,5.56,0,0,0,0,0,0,0,MALE,35-49
4cb0689ef8198e2977edd1ba4fa66271,11,11,0,100,27.27,9.09,27.27,0,0,0,0,0,0,0,0,0,0,0,0,0,0,0,27.27,9.09,0,0,0,0,0,0,0,0,0,0,0,0,0,0,9.09,0,0,0,0,0,0,9.09,0,0,0,0,0,0,0,0,0,0,9.09,0,9.09,0,0,0,0,0,0,0,0,0,0,0,MALE,35-49
8e7562bff1d3f565b534248229302e3b,6,6,0,100,16.67,16.67,16.67,16.67,16.67,16.67,0,0,0,0,0,0,0,0,0,0,0,0,0,0,0,0,0,0,0,0,0,0,0,0,0,0,0,0,0,0,0,0,0,0,0,0,0,0,0,0,0,0,0,0,0,0,0,0,0,0,0,0,0,0,0,0,0,0,0,0,FEMALE,50-64
8296b295cad03c188f7c7e3f493cd51b,19,9.5,0,94.74,31.58,10.53,21.05,5.26,5.26,5.26,0,0,0,0,0,15.79,0,0,0,0,0,0,0,0,0,0,0,0,0,0,0,0,0,0,0,0,0,0,0,0,0,0,0,0,0,0,0,0,0,0,0,5.26,0,0,0,5.26,0,0,0,0,0,0,10.53,0,0,0,0,0,0,0,MALE,35-49
63d9d386183bef9b62ee0ff8854eb16d,21,21,0,95.24,57.14,23.81,33.33,4.76,0,0,0,0,0,0,4.76,0,14.29,9.52,0,14.29,0,0,4.76,4.76,4.76,4.76,0,0,0,0,0,0,0,0,0,0,0,0,28.57,4.76,4.76,4.76,4.76,0,0,4.76,4.76,0,0,0,0,0,0,0,0,0,4.76,0,0,4.76,0,0,0,0,0,0,0,0,0,4.76,FEMALE,35-49
50939db84bbbfd141c957bc64f883b1e,9,9,0,88.89,33.33,0,11.11,0,0,0,0,0,0,0,0,0,0,0,0,0,0,0,11.11,0,0,0,11.11,0,0,0,0,0,0,0,0,0,0,0,0,0,0,0,0,0,0,0,0,0,0,0,0,0,0,0,0,0,22.22,0,0,22.22,0,0,0,0,0,0,0,0,0,0,FEMALE,50-64
dffbd25e749b3773c79a3439b11b7dc4,5,5,0,100,60,20,60,0,0,0,0,0,0,0,0,0,20,20,0,20,0,20,20,0,0,0,0,0,0,0,0,0,0,0,0,0,0,0,0,0,0,0,0,0,0,0,0,0,0,0,0,0,0,0,0,0,40,0,20,20,0,0,0,0,0,0,0,0,0,0,FEMALE,25-34
d3fabf6946d59b69ce52039159451465,13,13,0,100,100,7.69,61.54,23.08,7.69,0,0,7.69,0,0,15.38,7.69,38.46,30.77,0,15.38,0,7.69,0,7.69,0,0,0,0,7.69,0,0,0,7.69,7.69,0,0,0,0,23.08,0,0,7.69,15.38,0,0,0,15.38,7.69,7.69,0,0,0,0,0,0,0,0,0,0,7.69,0,0,0,0,0,0,0,0,0,7.69,FEMALE,18-24
c0d8318cea7ddcab350ea30e709770b5,11,3.67,9.09,100,72.73,27.27,45.45,9.09,9.09,9.09,0,0,0,0,0,0,9.09,9.09,0,9.09,0,18.18,18.18,9.09,0,0,0,0,0,0,0,0,0,0,0,0,0,0,9.09,0,9.09,0,0,0,0,0,0,0,0,0,0,0,0,0,0,0,27.27,0,18.18,9.09,9.09,9.09,0,0,0,0,0,0,0,0,FEMALE,25-34
1b3c2c2e5621369296cf39e31bbf587a,14,14,0,100,50,14.29,35.71,7.14,7.14,0,7.14,0,0,0,0,0,7.14,0,0,7.14,0,7.14,14.29,14.29,0,0,0,0,7.14,0,0,0,0,0,0,0,0,0,28.57,0,7.14,0,0,0,0,14.29,0,7.14,7.14,0,0,0,0,0,0,0,7.14,0,7.14,0,0,0,0,0,0,0,0,0,0,0,MALE,50-64
a7706ffe162a9fe8def003aa74fa93d9,13,13,0,92.31,38.46,38.46,23.08,0,0,0,0,0,0,0,0,15.38,0,0,0,0,0,7.69,7.69,0,0,0,0,0,0,0,0,0,0,0,0,0,0,0,7.69,0,0,0,0,0,0,7.69,0,0,0,0,0,0,0,0,0,0,15.38,0,15.38,0,0,7.69,0,0,0,0,0,0,0,0,FEMALE,35-49
24776dde2e6e010211c84fb2697fbf5f,18,9,5.56,94.44,83.33,27.78,44.44,22.22,16.67,0,0,5.56,11.11,0,5.56,11.11,16.67,0,5.56,11.11,0,5.56,11.11,0,0,0,0,0,22.22,0,0,0,5.56,5.56,0,0,0,0,11.11,0,11.11,0,0,0,0,0,0,0,0,0,0,0,0,0,0,0,0,0,0,0,11.11,5.56,11.11,0,0,0,0,0,0,0,FEMALE,35-49
7640d65e4b2ed645cac2939a03e7fdbe,24,8,0,87.5,66.67,16.67,37.5,16.67,16.67,12.5,0,4.17,0,0,0,0,8.33,8.33,0,8.33,0,0,0,4.17,0,8.33,8.33,0,16.67,0,8.33,4.17,12.5,12.5,0,0,0,0,12.5,4.17,0,0,4.17,0,0,4.17,0,4.17,0,4.17,0,0,0,0,0,0,0,0,0,4.17,0,0,0,0,0,0,0,0,0,4.17,FEMALE,50-64
8f9b42818dbf473cb03b8674c51e997d,9,9,0,88.89,22.22,33.33,0,0,0,0,0,0,0,0,0,0,0,0,0,0,0,0,0,0,0,0,11.11,0,11.11,0,0,0,0,0,0,0,0,0,0,0,0,0,0,0,0,0,0,0,0,0,0,0,0,0,0,0,0,0,0,0,0,0,0,11.11,0,0,0,0,0,0,FEMALE,35-49
198667a4ee2ecdb483f95949c5241221,19,19,0,100,84.21,21.05,57.89,5.26,0,0,0,0,0,0,5.26,10.53,26.32,21.05,0,10.53,5.26,0,15.79,5.26,0,0,0,0,0,0,0,0,5.26,5.26,0,0,0,0,5.26,0,0,0,0,0,0,5.26,0,0,0,0,0,15.79,0,15.79,0,0,5.26,0,5.26,0,0,0,0,0,0,0,0,0,0,0,FEMALE,35-49
81d84246a74d608f3ee63a106cbb043b,5,5,0,100,20,20,0,0,0,0,0,0,0,0,0,0,0,0,0,0,0,0,0,0,0,0,0,0,0,0,0,0,0,0,0,0,0,0,0,0,0,0,0,0,0,0,0,20,20,0,0,0,0,0,0,0,0,0,0,0,0,0,0,0,0,0,0,0,0,0,FEMALE,25-34
b151855595ba6297601acac77e066f4d,12,12,8.33,83.33,25,8.33,0,0,0,0,0,0,0,0,0,0,0,0,0,0,0,0,0,0,0,0,16.67,0,8.33,0,0,8.33,0,0,0,0,0,0,0,0,0,0,0,0,0,0,0,0,0,0,0,0,0,0,0,0,8.33,0,8.33,0,0,0,8.33,0,0,0,0,0,0,0,FEMALE,35-49
a2213520beaff2774840d47361d38a21,13,13,0,92.31,38.46,30.77,15.38,0,0,0,0,0,0,0,0,0,0,0,0,0,0,0,7.69,7.69,0,0,7.69,0,0,0,0,0,0,0,0,0,0,0,7.69,0,0,0,0,0,0,7.69,0,0,0,0,0,0,0,0,0,0,15.38,0,7.69,7.69,15.38,0,0,0,0,0,0,0,0,0,FEMALE,35-49
27eaf3ef7ba1bd6c7cd0858eb1b24f71,9,4.5,0,100,33.33,0,33.33,11.11,11.11,11.11,0,0,0,0,0,11.11,11.11,11.11,0,11.11,0,0,11.11,0,0,0,0,0,0,0,0,0,0,0,0,0,0,0,0,0,0,0,0,0,0,0,0,0,0,0,0,0,0,0,0,0,11.11,0,11.11,0,0,0,0,0,0,0,0,0,0,0,MALE,35-49
da9b304556d8c50868b4fdbc7889d899,4,4,0,100,0,50,0,0,0,0,0,0,0,0,0,0,0,0,0,0,0,0,0,0,0,0,0,0,0,0,0,0,0,0,0,0,0,0,0,0,0,0,0,0,0,0,0,0,0,0,0,0,0,0,0,0,0,0,0,0,0,0,0,0,0,0,0,0,0,0,MALE,50-64
109e2d7308fea8e9506b1109acbb714a,18,18,0,94.44,38.89,33.33,27.78,0,0,0,0,0,0,0,0,11.11,0,0,0,0,0,0,16.67,0,0,0,5.56,0,0,0,0,0,5.56,0,5.56,0,0,0,5.56,0,5.56,0,0,0,0,0,0,0,0,0,0,0,0,0,0,0,11.11,0,5.56,5.56,0,0,0,0,0,0,0,0,0,0,FEMALE,35-49
8cdf796813bd708fc1fc4f7fb6434592,23,23,0,86.96,60.87,26.09,34.78,4.35,4.35,0,4.35,0,0,0,0,4.35,8.7,8.7,0,8.7,0,0,4.35,0,0,8.7,17.39,0,8.7,0,0,0,0,0,0,0,0,0,17.39,8.7,0,0,4.35,0,0,4.35,0,0,0,0,0,0,0,0,0,0,8.7,0,8.7,0,4.35,0,0,0,4.35,0,0,0,0,0,FEMALE,35-49
7bdab06d076f5d4b28dd74ab728a3a82,7,7,0,85.71,14.29,28.57,0,0,0,0,0,0,0,0,0,0,0,0,0,0,0,0,0,0,0,0,14.29,0,0,0,0,0,14.29,14.29,0,0,0,0,0,0,0,0,0,0,0,0,0,0,0,0,0,0,0,0,0,0,0,0,0,0,0,0,0,0,0,0,0,14.29,0,0,MALE,35-49
e28518a6d7f1f0d8c6bb8b67c2fa2ec3,13,13,0,92.31,30.77,30.77,15.38,0,0,0,0,0,0,0,0,0,7.69,7.69,0,7.69,0,0,0,0,7.69,0,7.69,0,15.38,0,0,0,7.69,0,7.69,0,0,7.69,7.69,0,0,0,0,0,0,0,7.69,0,0,0,0,0,0,0,0,0,0,0,0,0,0,0,0,0,0,0,0,0,0,0,MALE,50-64
1b4fb470c6e31ca02de14bfd2260e395,13,4.33,7.69,100,92.31,30.77,53.85,15.38,7.69,0,0,7.69,0,0,7.69,7.69,15.38,15.38,0,7.69,0,0,7.69,7.69,0,0,0,0,7.69,0,0,0,15.38,15.38,0,0,0,0,15.38,0,0,0,15.38,0,0,0,7.69,0,0,0,0,0,0,0,0,0,15.38,7.69,0,7.69,0,0,7.69,0,0,0,0,0,0,0,FEMALE,25-34
55103440f765e8679f65b1481b1824de,16,8,0,87.5,56.25,6.25,37.5,6.25,0,0,0,0,0,0,6.25,12.5,0,0,0,0,0,6.25,12.5,0,0,0,6.25,0,0,0,0,0,12.5,12.5,0,0,0,0,0,0,0,0,0,0,0,0,0,6.25,0,0,0,0,0,0,0,0,0,0,0,0,0,0,0,0,6.25,0,0,0,0,0,FEMALE,50-64
59efe758f891b8a9079a6e7dd63d90f7,5,5,0,80,80,20,40,40,20,0,20,0,0,0,20,0,60,0,20,40,0,0,0,0,0,0,0,0,20,0,0,0,0,0,0,0,0,0,0,0,0,0,0,0,0,0,0,0,0,0,0,0,0,0,0,0,20,0,0,20,0,0,0,0,0,0,0,0,0,0,FEMALE,25-34
c063767ca9bd86f837c640b61e4dc48c,4,4,0,75,50,25,25,25,25,0,0,25,0,0,0,0,25,0,0,25,0,0,0,0,0,0,0,0,25,0,0,0,25,25,0,0,0,0,0,0,0,0,0,0,0,0,0,0,0,0,0,0,0,0,0,0,0,0,0,0,0,0,0,0,0,0,0,0,0,0,MALE,25-34
feda36041d4d3392bb5a923b5d35cf8a,17,17,0,100,47.06,29.41,17.65,0,0,0,0,0,0,0,0,0,0,0,0,0,0,0,17.65,0,0,5.88,0,0,5.88,0,0,0,0,0,0,0,0,0,5.88,0,0,0,0,0,0,5.88,0,0,0,0,0,0,0,0,0,0,17.65,0,0,17.65,0,0,0,0,0,0,0,0,0,0,MALE,50-64
50dd14655c35f3508120aa1be5240aee,20,20,0,95,45,30,20,0,0,0,0,0,0,0,0,0,0,0,0,0,0,0,15,5,0,0,0,0,0,0,0,0,10,5,5,0,0,0,10,5,0,0,0,0,0,5,0,0,0,0,0,0,0,0,0,0,15,0,15,0,10,0,0,0,0,0,0,0,0,0,MALE,50-64
255a34d27511e4428a9b98d4ecab828d,15,7.5,0,93.33,40,26.67,26.67,0,0,0,0,0,0,0,0,6.67,6.67,6.67,0,6.67,0,0,6.67,6.67,0,0,0,0,6.67,0,0,6.67,0,0,0,0,0,0,13.33,6.67,0,0,0,0,0,6.67,0,0,0,0,0,0,0,0,0,0,6.67,0,6.67,0,0,0,0,0,0,0,0,0,0,0,MALE,25-34
841d5aa8a974a9285c72655eaf0f459f,16,16,0,100,93.75,18.75,56.25,18.75,12.5,0,0,12.5,0,0,6.25,6.25,12.5,6.25,0,12.5,0,0,18.75,6.25,0,0,0,0,12.5,0,0,0,0,0,0,0,0,0,18.75,0,6.25,0,0,0,0,12.5,0,0,0,0,0,0,0,0,0,0,12.5,0,6.25,0,12.5,0,0,0,25,0,0,0,0,0,MALE,50-64
7552b1851fb84d44ec0972f8ab98dc05,18,18,0,100,38.89,27.78,5.56,0,0,0,0,0,0,0,0,0,0,0,0,0,0,0,5.56,0,0,0,0,0,5.56,0,5.56,0,11.11,11.11,0,0,0,0,11.11,0,0,0,0,0,0,0,5.56,0,0,0,0,0,0,0,0,0,0,0,0,0,5.56,0,11.11,0,0,0,0,0,0,0,FEMALE,35-49
474ef8317258e1fd46e0aab2efcdb769,11,11,0,90.91,27.27,27.27,9.09,9.09,9.09,0,9.09,0,0,0,0,0,0,0,0,0,0,0,0,0,0,0,9.09,0,9.09,0,0,0,0,0,0,0,0,0,18.18,0,9.09,0,0,0,0,9.09,0,0,0,0,0,0,0,0,0,0,9.09,0,0,9.09,0,0,0,0,0,0,0,0,0,0,FEMALE,35-49
6aabca05271c39275b4aca27f6d954b3,16,16,0,93.75,50,25,18.75,0,0,0,0,0,0,0,0,6.25,0,0,0,0,0,0,12.5,0,0,0,0,0,12.5,0,0,0,6.25,0,6.25,0,0,0,0,0,0,0,0,0,0,0,0,0,0,0,0,12.5,0,12.5,0,0,0,0,0,0,0,0,0,0,0,0,0,0,0,0,MALE,50-64
3da4e3b8d22539df56d7777d512597ac,16,16,0,87.5,12.5,31.25,6.25,0,0,0,0,0,0,0,0,6.25,0,0,0,0,0,0,0,0,0,0,12.5,0,0,0,0,0,0,0,0,0,0,0,0,0,0,0,0,0,0,0,0,0,0,0,0,0,0,0,0,0,0,0,0,0,6.25,0,0,0,0,0,0,0,0,0,MALE,35-49
84d409794875b336637ae806102bf883,19,19,0,89.47,10.53,21.05,5.26,0,0,0,0,0,0,0,0,5.26,0,0,0,0,0,0,0,0,0,0,5.26,0,0,0,0,0,0,0,0,0,0,0,5.26,5.26,0,0,0,0,0,0,0,0,0,0,0,0,0,0,0,0,0,0,0,0,0,0,0,0,0,0,0,0,0,0,MALE,65-xx
b2fa3a87af1d36fac18e63656d2ccc4c,19,19,0,94.74,42.11,26.32,15.79,0,0,0,0,0,0,0,0,5.26,5.26,5.26,0,5.26,0,0,5.26,0,0,0,5.26,0,5.26,0,0,0,0,0,0,0,0,0,10.53,0,0,0,0,0,0,5.26,0,0,0,0,0,0,0,0,0,0,21.05,0,10.53,10.53,0,5.26,5.26,0,0,0,0,0,0,0,FEMALE,50-64
84cc4079564a58f5840ff1f4c4e68421,24,24,0,95.83,62.5,12.5,33.33,0,0,0,0,0,0,0,0,0,12.5,8.33,0,8.33,0,0,20.83,0,0,4.17,4.17,0,12.5,0,0,0,8.33,8.33,0,0,0,0,16.67,0,0,0,4.17,4.17,0,4.17,0,0,0,0,0,0,0,0,0,0,12.5,4.17,8.33,0,0,0,4.17,0,8.33,0,0,0,0,0,FEMALE,35-49
e3cdd573b784b958a109245064deaa1e,7,7,0,100,28.57,42.86,0,0,0,0,0,0,0,0,0,0,0,0,0,0,0,0,0,0,0,0,0,0,0,0,0,0,0,0,0,0,0,0,0,0,0,0,0,0,0,0,0,0,0,0,0,0,0,0,0,0,0,0,0,0,0,0,14.29,14.29,14.29,0,0,0,0,0,FEMALE,25-34
35aa516c42ad918aa5d708b6a946622d,5,5,0,100,80,20,40,20,20,0,0,20,0,0,0,0,0,0,0,0,0,0,20,0,0,0,0,0,20,0,0,0,20,0,20,0,0,0,0,0,0,0,0,0,0,0,0,0,0,0,0,40,0,20,0,20,20,0,20,0,0,0,0,0,0,0,0,0,0,0,FEMALE,25-34
fd0de6977f28814aed2373bdad80f25f,16,16,0,93.75,37.5,25,18.75,6.25,0,0,0,0,0,0,6.25,0,6.25,6.25,0,6.25,0,0,6.25,0,0,0,6.25,0,0,0,0,0,6.25,6.25,0,0,0,0,0,0,0,0,0,0,0,0,0,0,0,0,0,0,0,0,0,0,0,0,0,0,12.5,0,0,0,0,0,0,0,0,0,FEMALE,35-49
164c6673610abc68eb0c72aa41a97cea,19,9.5,0,94.74,73.68,47.37,31.58,5.26,5.26,0,0,0,5.26,0,0,5.26,0,0,0,0,0,5.26,15.79,5.26,0,0,5.26,0,15.79,0,0,0,21.05,21.05,0,0,0,0,21.05,5.26,10.53,0,0,0,5.26,0,0,5.26,0,5.26,0,0,0,0,0,0,10.53,0,10.53,0,0,5.26,0,0,0,0,0,0,0,0,FEMALE,35-49
1377fc2c98ac09896ba48afcac24041a,11,11,0,90.91,45.45,18.18,27.27,9.09,9.09,9.09,0,0,0,0,0,0,0,0,0,0,0,0,18.18,0,0,0,0,0,9.09,0,0,0,9.09,9.09,0,0,0,0,0,0,0,0,0,0,0,0,0,0,0,0,0,0,0,0,0,0,18.18,0,18.18,0,0,0,0,0,0,0,0,0,0,0,MALE,50-64
7b4ded1c236ca7526ee7cba871361496,6,6,0,83.33,50,16.67,33.33,0,0,0,0,0,0,0,0,16.67,16.67,0,0,16.67,0,0,16.67,0,0,0,0,0,0,0,0,0,16.67,16.67,0,0,0,0,0,0,0,0,0,0,0,0,0,0,0,0,0,0,0,0,0,0,0,0,0,0,0,0,0,0,0,0,0,0,0,0,FEMALE,25-34
6258f7dbda64c7adde1313d8d1f0df41,10,10,0,100,20,50,10,0,0,0,0,0,0,0,0,0,0,0,0,0,0,0,0,0,10,0,0,0,0,0,0,0,0,0,0,0,0,0,10,0,0,0,0,0,0,0,10,0,0,0,0,0,0,0,0,0,0,0,0,0,0,0,0,0,0,0,10,0,0,0,MALE,25-34
e8be6f1c2d81db365e3a45d68bca53e7,21,21,0,90.48,42.86,23.81,14.29,0,0,0,0,0,0,0,0,9.52,4.76,0,0,4.76,0,0,0,4.76,0,0,0,0,9.52,0,0,0,4.76,4.76,0,0,0,0,23.81,4.76,9.52,0,4.76,0,0,0,4.76,0,0,0,0,0,0,0,0,0,0,0,0,0,0,4.76,4.76,0,0,0,0,0,0,0,MALE,35-49
ffa96a13101c4baee282ee042ace2192,20,10,5,95,70,10,55,25,20,5,0,10,5,0,5,5,15,15,0,15,0,0,10,0,0,0,0,0,25,0,0,0,0,0,0,0,0,0,0,0,0,0,0,0,0,0,0,0,0,0,0,0,0,0,0,0,15,0,10,5,0,0,0,0,0,0,0,0,0,0,FEMALE,35-49
a8e83e6c3b5e83ae4814adcabe24b566,8,8,0,100,25,25,25,12.5,12.5,12.5,0,0,0,0,0,0,12.5,12.5,0,12.5,0,0,12.5,0,0,0,0,0,0,0,0,0,0,0,0,0,0,0,0,0,0,0,0,0,0,0,0,0,0,0,0,0,0,0,0,0,12.5,0,12.5,0,0,0,0,0,0,0,0,0,0,0,MALE,35-49
dd437ad97079318550a4fa2bd5b987fe,24,12,0,95.83,75,16.67,37.5,4.17,4.17,4.17,0,0,0,0,0,4.17,8.33,4.17,0,4.17,0,8.33,12.5,0,4.17,0,4.17,0,12.5,0,8.33,0,8.33,4.17,4.17,0,4.17,0,8.33,0,0,0,0,4.17,0,0,4.17,0,0,0,0,0,0,0,0,0,12.5,0,0,12.5,0,8.33,4.17,0,4.17,0,0,0,0,0,FEMALE,25-34
f55578648cedcd0d2bce8a5dc3b4839a,18,18,0,88.89,66.67,22.22,33.33,0,0,0,0,0,0,0,0,11.11,0,0,0,0,0,0,11.11,5.56,5.56,0,0,0,5.56,5.56,0,0,5.56,0,5.56,5.56,0,0,11.11,0,0,0,0,5.56,0,5.56,0,0,0,0,0,5.56,5.56,0,0,0,27.78,0,16.67,11.11,5.56,0,0,0,5.56,0,0,0,0,0,MALE,35-49
a52427d0c793d146c90bd07d6f4decab,12,12,0,91.67,16.67,25,0,0,0,0,0,0,0,0,0,0,0,0,0,0,0,0,0,0,0,0,8.33,0,0,0,0,0,0,0,0,0,0,0,8.33,0,8.33,0,0,0,0,0,0,0,0,0,0,0,0,0,0,0,0,0,0,0,8.33,0,0,0,8.33,0,0,0,0,0,MALE,35-49
507c463cc5aebc45718577e4298eaf8d,8,8,12.5,100,62.5,12.5,37.5,12.5,12.5,0,0,12.5,0,0,0,0,12.5,12.5,0,12.5,0,12.5,0,12.5,0,0,0,0,25,0,0,12.5,0,0,0,0,0,0,12.5,0,12.5,0,0,0,0,0,0,0,0,0,0,0,0,0,0,0,12.5,0,0,12.5,0,0,0,0,0,0,0,0,0,0,FEMALE,50-64
fc20afe042175ae4c882afb4f5328108,2,2,0,100,0,50,0,0,0,0,0,0,0,0,0,0,0,0,0,0,0,0,0,0,0,0,0,0,0,0,0,0,0,0,0,0,0,0,0,0,0,0,0,0,0,0,0,0,0,0,0,0,0,0,0,0,0,0,0,0,0,0,0,0,0,0,0,0,0,0,FEMALE,18-24
07ebe859a1b1368d566d7c4770590bf0,4,4,0,100,0,25,0,0,0,0,0,0,0,0,0,0,0,0,0,0,0,0,0,0,0,0,0,0,0,0,0,0,0,0,0,0,0,0,0,0,0,0,0,0,0,0,0,0,0,0,0,0,0,0,0,0,0,0,0,0,0,0,0,0,0,0,0,0,0,0,FEMALE,25-34
a98eeac605cd9e26b5977b0f81cebad4,15,15,0,93.33,73.33,26.67,33.33,6.67,6.67,0,0,6.67,0,0,0,13.33,13.33,6.67,0,13.33,0,6.67,0,6.67,0,0,0,0,13.33,0,0,0,0,0,0,0,0,0,13.33,0,13.33,0,0,0,0,0,0,0,0,0,0,0,0,0,0,0,6.67,0,0,0,6.67,0,13.33,0,6.67,0,0,0,0,0,MALE,35-49
c2ec79a92ef680fa66bf2e0f6b028d0b,23,23,0,100,47.83,13.04,21.74,4.35,4.35,4.35,0,0,0,0,0,8.7,4.35,4.35,4.35,0,0,0,4.35,0,0,0,0,0,0,0,0,0,4.35,4.35,0,0,0,0,8.7,4.35,0,0,0,4.35,0,0,0,4.35,0,0,0,8.7,8.7,0,4.35,0,8.7,0,0,8.7,0,0,4.35,0,0,0,0,0,0,0,FEMALE,25-34
2bb24f9aac3a11a4035e4f59329384a0,25,25,0,88,56,4,28,16,12,12,0,0,0,0,4,4,0,0,0,0,0,0,8,0,0,4,0,0,8,0,4,0,12,12,0,0,0,0,4,0,0,0,4,0,0,0,0,0,0,0,0,0,0,0,0,0,4,0,4,4,0,0,4,0,0,0,0,0,0,4,MALE,25-34
961baca73e7bcaa813ddb82c911af5ae,15,15,0,86.67,46.67,33.33,40,6.67,0,0,0,0,0,0,6.67,20,0,0,0,0,0,0,13.33,6.67,0,0,0,0,6.67,0,0,0,0,0,0,0,0,0,0,0,0,0,0,0,0,0,0,0,0,0,0,0,0,0,0,0,6.67,0,6.67,0,0,0,6.67,0,0,0,0,0,0,0,MALE,35-49
c06f5b995c0670bcd509c412881cdcb4,6,6,0,100,33.33,16.67,16.67,16.67,0,0,0,0,0,0,16.67,0,16.67,0,0,16.67,0,0,0,0,0,0,0,0,0,0,0,0,0,0,0,0,0,0,16.67,0,0,0,16.67,0,0,0,16.67,0,0,0,0,0,0,0,0,0,0,0,0,0,0,16.67,0,0,0,0,0,0,0,0,FEMALE,35-49
32aabfdc71f461cf4293966c86892ac8,26,26,0,96.15,15.38,15.38,7.69,3.85,3.85,3.85,0,0,0,0,0,0,0,0,0,0,0,0,0,0,0,3.85,3.85,0,0,0,0,0,0,0,0,0,0,0,0,0,0,0,0,0,0,0,0,0,0,0,0,0,0,0,0,0,0,0,0,0,0,0,0,3.85,0,0,3.85,0,0,0,MALE,35-49
e9a166e354f57ce68da7aa5baed2875d,15,15,0,93.33,46.67,13.33,26.67,13.33,6.67,6.67,0,0,0,0,6.67,6.67,6.67,6.67,0,6.67,0,0,6.67,0,0,0,6.67,0,0,0,0,0,6.67,0,6.67,0,0,6.67,6.67,6.67,0,0,0,0,0,0,0,0,0,0,0,0,0,0,0,0,20,0,13.33,6.67,0,0,0,0,0,0,0,0,0,0,FEMALE,25-34
0bada0c8f61a201a18bf4075141375d2,10,10,0,90,20,10,10,0,0,0,0,0,0,0,0,10,0,0,0,0,0,0,0,0,0,0,10,0,0,0,0,0,0,0,0,0,0,0,10,0,0,0,0,0,0,0,10,0,0,0,0,0,0,0,0,0,0,0,0,0,0,0,0,0,0,0,0,0,0,0,MALE,50-64
76361e81acd553b0e3b7a56408d9f703,2,2,0,100,0,50,0,0,0,0,0,0,0,0,0,0,0,0,0,0,0,0,0,0,0,0,0,0,0,0,0,0,0,0,0,0,0,0,0,0,0,0,0,0,0,0,0,0,0,0,0,0,0,0,0,0,0,0,0,0,0,0,0,0,0,0,0,0,0,0,FEMALE,35-49
846d69c6a12322458d5cc03645f00d2e,9,4.5,0,100,22.22,33.33,0,0,0,0,0,0,0,0,0,0,0,0,0,0,0,0,0,0,0,0,0,0,11.11,0,0,0,0,0,0,0,0,0,0,0,0,0,0,0,0,0,0,0,0,0,0,0,0,0,0,0,0,0,0,0,11.11,0,0,0,0,0,0,0,0,0,FEMALE,35-49
3c955d73c5ebc0aa6ef1778ee9f69143,6,6,0,100,16.67,33.33,0,0,0,0,0,0,0,0,0,0,0,0,0,0,0,0,0,0,0,0,0,0,0,0,0,0,16.67,16.67,0,0,0,0,0,0,0,0,0,0,0,0,0,0,0,0,0,0,0,0,0,0,0,0,0,0,0,0,0,0,0,0,0,0,0,0,FEMALE,35-49
69449f79c930497121c2f0ea61608742,14,7,0,92.86,85.71,7.14,57.14,21.43,14.29,7.14,0,7.14,0,0,7.14,0,7.14,7.14,0,7.14,0,0,7.14,7.14,7.14,7.14,0,0,7.14,0,0,0,0,0,0,0,0,0,21.43,0,0,0,0,0,0,14.29,7.14,0,0,0,0,0,0,0,0,0,14.29,0,14.29,0,14.29,0,14.29,7.14,7.14,0,0,0,0,0,MALE,35-49
0002c5b3e462ba73a5d30b3ad2620b5c,9,9,0,88.89,33.33,33.33,0,0,0,0,0,0,0,0,0,0,11.11,0,0,11.11,0,0,0,0,0,0,11.11,0,0,0,0,0,11.11,11.11,0,0,0,0,0,0,0,0,0,0,0,0,0,11.11,0,0,11.11,11.11,11.11,0,0,0,11.11,11.11,0,0,0,11.11,0,0,0,0,0,0,0,0,MALE,25-34
d89626612a9dd1fd6e4369ccf11538b0,11,11,0,100,18.18,18.18,9.09,0,0,0,0,0,0,0,0,0,0,0,0,0,0,0,9.09,0,0,0,0,0,0,0,0,0,0,0,0,0,0,0,0,0,0,0,0,0,0,0,0,9.09,0,0,9.09,0,0,0,0,0,9.09,0,9.09,0,0,0,0,0,0,0,0,0,0,0,FEMALE,35-49
2d62d55be4b8cee432ff50fcc58f7c0f,15,15,0,100,60,13.33,26.67,6.67,6.67,0,0,0,0,6.67,0,0,0,0,0,0,0,6.67,13.33,6.67,0,0,0,0,13.33,6.67,0,0,13.33,13.33,0,0,0,0,13.33,0,0,0,6.67,0,0,6.67,0,0,0,0,0,0,0,0,0,0,13.33,0,13.33,0,6.67,0,0,0,0,0,0,0,0,0,MALE,25-34
091e3da83de5db9520beda22548139a1,17,17,0,82.35,82.35,11.76,64.71,35.29,0,0,0,0,0,0,35.29,0,17.65,5.88,0,11.76,5.88,5.88,11.76,5.88,0,0,0,0,11.76,0,0,0,0,0,0,0,0,0,23.53,0,0,0,5.88,0,5.88,5.88,5.88,0,0,0,0,0,0,0,0,0,11.76,5.88,5.88,0,0,0,0,0,0,0,0,0,0,0,FEMALE,65-xx
54b2f0256f67911b70b87d6a68628ac4,21,21,4.76,85.71,33.33,19.05,14.29,0,0,0,0,0,0,0,0,0,9.52,4.76,0,9.52,0,0,4.76,0,9.52,0,0,0,0,0,0,0,0,0,0,0,0,0,4.76,0,4.76,0,0,0,0,0,0,0,0,0,0,0,0,0,0,0,4.76,0,4.76,0,9.52,9.52,0,0,0,0,0,0,0,0,FEMALE,25-34
289004eb14d7861c49886dc80341faed,26,26,0,92.31,38.46,26.92,15.38,3.85,0,0,0,0,0,0,3.85,3.85,3.85,3.85,0,3.85,0,0,3.85,0,0,0,3.85,0,3.85,0,0,0,7.69,0,7.69,0,0,0,11.54,3.85,0,7.69,0,0,0,0,0,0,0,0,0,0,0,0,0,0,0,0,0,0,7.69,0,3.85,0,0,0,0,0,0,0,MALE,65-xx
c2d154a5187ea776fa043ba05e609683,11,11,0,81.82,72.73,27.27,54.55,9.09,9.09,9.09,0,0,0,0,0,0,27.27,18.18,0,27.27,0,9.09,9.09,9.09,9.09,9.09,0,0,9.09,0,0,0,0,0,0,0,0,0,9.09,9.09,0,0,0,0,0,0,0,0,0,0,0,0,0,0,0,0,0,0,0,0,0,0,9.09,0,0,0,0,0,0,0,MALE,35-49
31e6507a6c9e3dd9b612d9ecf0dd19f2,2,2,0,100,50,50,0,0,0,0,0,0,0,0,0,0,0,0,0,0,0,0,0,0,0,0,0,0,0,0,0,0,50,50,0,0,0,0,0,0,0,0,0,0,0,0,0,0,0,0,0,0,0,0,0,0,0,0,0,0,0,0,0,0,0,0,0,50,0,0,MALE,18-24
65fb2f3d116f165cb28bc06b9193698d,25,25,4,84,80,16,48,4,4,0,0,4,0,0,0,16,4,0,0,4,0,4,20,0,0,0,4,0,12,0,0,0,0,0,0,0,0,0,8,0,4,0,0,0,0,0,0,0,0,0,0,0,0,0,0,0,28,12,12,8,0,0,4,0,0,0,0,0,0,4,FEMALE,25-34
62f2bfa6f8e06224a840d7db3d3d82c5,14,14,0,100,57.14,42.86,28.57,7.14,0,0,0,0,0,0,7.14,7.14,7.14,7.14,0,7.14,0,0,7.14,0,0,0,0,0,14.29,0,0,0,0,0,0,0,0,0,14.29,0,14.29,0,0,0,0,0,0,0,0,0,0,0,0,0,0,0,14.29,7.14,7.14,0,0,0,0,0,0,0,0,0,0,0,FEMALE,50-64
de98f8c1c2d764ec8d720f65bef87963,22,22,0,90.91,9.09,22.73,9.09,0,0,0,0,0,0,0,0,9.09,0,0,0,0,0,0,0,0,0,0,0,0,0,0,0,0,0,0,0,0,0,0,0,0,0,0,0,0,0,0,0,0,0,0,0,0,0,0,0,0,0,0,0,0,0,0,0,0,0,0,0,0,0,0,FEMALE,35-49
246078902f43a1d61ec50b836cd697f9,14,14,0,92.86,7.14,28.57,0,0,0,0,0,0,0,0,0,0,0,0,0,0,0,0,0,0,0,0,7.14,0,0,0,0,0,0,0,0,0,0,0,0,0,0,0,0,0,0,0,0,0,0,0,0,0,0,0,0,0,0,0,0,0,0,0,0,0,7.14,0,0,0,0,0,FEMALE,50-64
beb02d9aa361963df9ad8ae8c129673e,23,23,0,100,60.87,17.39,43.48,17.39,13.04,8.7,0,0,0,4.35,4.35,0,4.35,4.35,0,4.35,0,4.35,4.35,0,4.35,8.7,0,0,4.35,0,0,0,4.35,4.35,0,0,0,0,13.04,0,4.35,0,0,0,0,4.35,4.35,0,0,0,0,0,0,0,0,0,13.04,4.35,0,8.7,0,0,4.35,0,0,4.35,0,0,0,0,MALE,35-49
a5699f2b94f800b4b7d07dfc1c584edc,7,7,0,100,57.14,28.57,42.86,14.29,14.29,14.29,0,0,0,0,0,14.29,0,0,0,0,0,0,14.29,0,0,0,0,0,0,0,0,0,14.29,14.29,0,0,0,0,14.29,0,0,0,0,0,0,14.29,0,0,0,0,0,0,0,0,0,0,0,0,0,0,0,0,0,0,0,0,0,0,0,0,MALE,25-34
b26c7fc245ad94a020ba3c5116b77c84,4,4,0,75,0,25,0,0,0,0,0,0,0,0,0,0,0,0,0,0,0,0,0,0,0,0,25,0,0,0,0,0,0,0,0,0,0,0,0,0,0,0,0,0,0,0,0,0,0,0,0,0,0,0,0,0,0,0,0,0,0,0,0,0,0,0,0,0,0,0,MALE,50-64
404ed461b4934a8d9cebb88b79c96763,15,15,0,93.33,73.33,33.33,46.67,20,0,0,0,0,0,0,20,6.67,13.33,13.33,0,13.33,0,13.33,13.33,0,0,0,6.67,0,0,0,0,0,0,0,0,0,0,0,0,0,0,0,0,0,0,0,0,6.67,6.67,0,0,0,0,0,0,0,13.33,6.67,6.67,13.33,0,0,6.67,0,0,0,0,0,0,0,FEMALE,25-34
d10c215b5f74b6581759f9417705643c,23,11.5,4.35,86.96,43.48,30.43,26.09,8.7,0,0,0,0,0,0,8.7,4.35,8.7,8.7,0,8.7,0,0,8.7,0,0,0,4.35,0,0,0,0,0,8.7,4.35,4.35,0,0,0,8.7,4.35,0,0,0,0,0,4.35,0,0,0,0,0,0,0,0,0,0,8.7,0,0,8.7,0,4.35,0,0,0,0,0,0,0,0,FEMALE,35-49
dbf3cb02269e7d4aaecce7fdd6c2bd8e,10,10,0,100,30,20,10,0,0,0,0,0,0,0,0,0,0,0,0,0,0,10,0,0,0,0,0,0,0,0,0,0,10,10,0,0,0,0,10,0,10,0,0,0,10,0,0,10,0,0,10,0,0,0,0,0,0,0,0,0,0,10,0,0,0,0,0,10,0,0,MALE,25-34
fd36e6c9c129dbdc501d7e4d4190fc9e,9,4.5,11.11,100,55.56,33.33,44.44,22.22,22.22,0,0,11.11,11.11,0,0,0,11.11,11.11,0,11.11,0,11.11,11.11,0,0,0,0,0,22.22,0,0,0,0,0,0,0,0,0,0,0,0,0,0,0,0,0,0,11.11,11.11,0,0,0,0,0,0,0,11.11,0,0,11.11,0,0,0,0,0,0,0,0,0,0,FEMALE,25-34
e78d6f20b8a49a86f7f8e881c1b5e23d,25,12.5,0,80,84,28,60,12,12,12,0,0,0,0,0,4,12,12,12,0,4,12,0,12,4,0,12,0,8,0,0,0,0,0,0,0,0,0,16,4,4,4,0,0,0,0,4,0,0,0,0,0,0,0,0,0,24,0,0,24,0,0,0,0,0,0,0,0,0,0,MALE,35-49
6140f05b5584fe98f1f5c037bfc2c1ab,17,17,0,94.12,52.94,17.65,17.65,11.76,11.76,11.76,0,0,0,0,0,0,5.88,0,0,5.88,0,0,5.88,0,0,0,0,0,5.88,0,0,0,5.88,5.88,0,0,0,0,0,0,0,0,0,0,0,0,0,0,0,0,0,0,0,0,0,0,23.53,5.88,5.88,5.88,0,0,5.88,0,0,0,0,0,0,0,FEMALE,18-24
b95c6a927999dae0b5191d23a2f5f8c7,11,11,0,90.91,9.09,36.36,9.09,0,0,0,0,0,0,0,0,9.09,0,0,0,0,0,0,0,0,0,0,9.09,0,0,0,0,0,0,0,0,0,0,0,0,0,0,0,0,0,0,0,0,0,0,0,0,0,0,0,0,0,0,0,0,0,0,0,0,0,0,0,0,0,0,0,FEMALE,35-49
ae92d835c48d852d70bb98be129c020e,20,5,0,85,90,5,65,30,25,10,5,10,0,0,5,0,15,5,10,5,0,20,10,5,5,0,0,0,20,0,0,0,10,10,0,0,0,0,30,5,0,5,5,10,0,5,0,0,0,0,0,0,0,0,0,0,10,0,0,10,0,0,0,0,0,0,0,0,5,0,FEMALE,35-49
21d2b5011380ee9ff0fe38610e0df7cb,6,6,0,100,66.67,16.67,33.33,16.67,0,0,0,0,0,0,16.67,0,0,0,0,0,0,0,0,0,0,0,16.67,0,16.67,0,0,0,0,0,0,0,0,0,50,16.67,16.67,0,16.67,0,0,0,0,0,0,0,0,0,0,0,0,0,0,0,0,0,0,0,0,0,0,0,0,0,0,0,MALE,25-34
7ab3481df42b67a461d29510c95b6c9f,16,16,0,100,25,50,12.5,0,0,0,0,0,0,0,0,6.25,0,0,0,0,0,0,6.25,0,0,0,0,0,0,0,0,0,0,0,0,0,0,0,6.25,0,0,0,0,0,6.25,0,0,0,0,0,0,0,0,0,0,0,0,0,0,0,0,0,0,0,6.25,0,0,0,0,0,MALE,50-64
b2497d6fdbbb6d1d7fe204b0fd06cff7,6,6,0,100,83.33,16.67,66.67,16.67,16.67,16.67,0,0,0,0,0,0,16.67,16.67,0,16.67,0,0,16.67,0,33.33,0,0,0,0,0,0,0,0,0,0,0,0,0,33.33,0,0,0,0,0,0,0,33.33,0,0,0,0,16.67,0,0,0,16.67,0,0,0,0,0,0,16.67,0,0,0,0,0,0,0,FEMALE,25-34
246bac3adfd4a85a1ee9e34d35aaef61,18,18,0,94.44,50,38.89,27.78,5.56,0,0,0,0,0,0,5.56,5.56,0,0,0,0,0,0,16.67,0,0,0,5.56,0,5.56,0,0,0,11.11,11.11,0,0,0,0,0,0,0,0,0,0,0,0,0,0,0,0,0,0,0,0,0,0,11.11,0,5.56,5.56,0,5.56,0,0,0,0,0,0,0,0,FEMALE,50-64
1314fc6a94e836285722a99383b93385,23,7.67,4.35,91.3,78.26,8.7,60.87,17.39,13.04,0,4.35,8.7,0,0,4.35,4.35,4.35,4.35,0,4.35,0,4.35,26.09,4.35,0,0,0,0,17.39,0,0,0,0,0,0,0,0,0,17.39,0,0,0,4.35,0,0,13.04,0,0,0,0,0,0,0,0,0,0,17.39,4.35,8.7,4.35,0,0,0,0,0,0,0,0,0,0,FEMALE,35-49
b487a16ffd91278f78f95101e1c56e35,20,20,0,95,60,30,30,10,10,0,5,5,0,0,0,0,5,0,0,5,0,0,10,5,0,5,5,0,20,0,0,0,5,5,0,0,0,0,10,0,0,0,0,0,0,10,0,0,0,0,0,0,0,0,0,0,20,5,10,0,5,0,0,0,0,5,0,0,0,0,MALE,50-64
a663d319369b4440d88c632d121fee83,18,9,0,88.89,72.22,16.67,38.89,5.56,0,0,0,0,0,0,5.56,16.67,5.56,5.56,5.56,5.56,0,0,5.56,11.11,0,0,5.56,0,0,0,0,0,16.67,16.67,0,0,0,0,16.67,0,0,0,5.56,0,0,11.11,0,5.56,0,0,0,0,0,0,0,0,5.56,0,0,5.56,0,0,5.56,0,0,0,0,0,0,0,MALE,18-24
246989374f97a4c6214f7d034ec613cd,7,7,0,100,42.86,14.29,28.57,0,0,0,0,0,0,0,0,0,28.57,28.57,0,0,14.29,0,0,0,0,0,0,0,0,0,0,0,14.29,14.29,0,0,0,0,14.29,0,0,14.29,0,0,0,0,0,0,0,0,0,0,0,0,0,0,0,0,0,0,0,0,0,0,0,0,0,0,0,0,MALE,35-49
c24762b3cb9afb4526f61d5a81ba1d79,12,12,8.33,100,58.33,25,25,8.33,8.33,8.33,0,0,0,0,0,0,16.67,8.33,0,16.67,0,8.33,0,8.33,0,0,0,0,0,0,0,0,8.33,0,8.33,0,0,8.33,8.33,8.33,0,0,0,0,0,0,0,0,0,0,0,8.33,0,8.33,0,0,0,0,0,0,8.33,0,0,0,0,0,0,0,0,0,FEMALE,35-49
18b89888fae46f388530078c1ca30609,17,8.5,0,94.12,52.94,35.29,35.29,17.65,17.65,17.65,0,0,0,0,0,0,0,0,0,0,0,5.88,5.88,5.88,0,0,0,0,0,0,0,0,5.88,5.88,0,0,0,0,23.53,5.88,5.88,0,0,0,0,5.88,5.88,0,0,0,0,0,0,0,0,0,5.88,0,5.88,0,5.88,5.88,0,0,0,0,0,0,0,0,FEMALE,50-64
c1311addbd69244cbf58e04c4d89384a,15,15,0,93.33,46.67,6.67,13.33,0,0,0,0,0,0,0,0,6.67,0,0,0,0,0,0,6.67,0,0,0,0,0,6.67,0,0,0,13.33,13.33,0,0,0,0,13.33,6.67,6.67,0,0,0,0,6.67,0,0,0,0,0,0,0,0,0,0,0,0,0,0,20,6.67,0,0,13.33,0,0,0,0,0,FEMALE,18-24
5e51d4e322ad30dc81af9af8e94dda12,11,11,0,81.82,27.27,18.18,18.18,0,0,0,0,0,0,0,0,9.09,0,0,0,0,0,9.09,0,0,0,0,18.18,0,0,0,0,0,0,0,0,0,0,0,0,0,0,0,0,0,0,0,0,0,0,0,0,0,0,0,0,0,9.09,0,0,9.09,0,0,9.09,0,0,0,0,0,0,0,FEMALE,25-34
da9bce62c6e7112ceb9ca97721109d0c,4,4,0,75,25,75,0,0,0,0,0,0,0,0,0,0,0,0,0,0,0,0,0,0,0,0,25,0,0,0,0,0,0,0,0,0,0,0,0,0,0,0,0,0,0,0,0,0,0,0,0,0,0,0,0,0,0,0,0,0,0,0,25,0,0,0,0,0,0,0,MALE,18-24
1fadbfc76f8413f77e57903d8666c0aa,14,14,0,100,35.71,28.57,7.14,0,0,0,0,0,0,0,0,0,0,0,0,0,0,0,7.14,0,0,0,0,0,0,0,0,0,7.14,0,7.14,0,7.14,0,7.14,7.14,0,0,0,0,0,0,0,0,0,0,0,0,0,0,0,0,7.14,0,7.14,0,7.14,0,0,0,0,0,7.14,0,0,0,MALE,25-34
d83c532c9f34efeb281ca5c179902557,21,10.5,4.76,95.24,52.38,28.57,28.57,9.52,9.52,4.76,0,4.76,0,0,0,4.76,9.52,4.76,0,4.76,0,4.76,9.52,0,0,0,4.76,0,9.52,0,0,0,9.52,9.52,0,0,0,0,4.76,0,0,4.76,0,0,0,0,0,4.76,4.76,0,0,0,0,0,0,0,4.76,4.76,0,0,0,0,0,0,0,0,0,0,0,0,FEMALE,35-49
11884d03be7adf098073070389a450a9,17,17,5.88,88.24,5.88,35.29,5.88,0,0,0,0,0,0,0,0,0,0,0,0,0,0,0,5.88,0,0,0,0,0,0,0,0,0,0,0,0,0,0,0,0,0,0,0,0,0,0,0,0,0,0,0,0,0,0,0,0,0,0,0,0,0,0,0,0,0,0,0,0,0,0,0,FEMALE,50-64
88f50838a2a9fe3db643c4c46f918fb3,7,7,0,85.71,0,0,0,0,0,0,0,0,0,0,0,0,0,0,0,0,0,0,0,0,0,0,14.29,0,0,0,0,0,0,0,0,0,0,0,0,0,0,0,0,0,0,0,0,0,0,0,0,0,0,0,0,0,0,0,0,0,0,0,0,0,0,0,0,0,0,0,FEMALE,35-49
97552fa76499e6895eafdc0814aebdfe,12,12,0,100,50,16.67,16.67,0,0,0,0,0,0,0,0,0,0,0,0,0,0,8.33,8.33,8.33,0,0,0,0,0,0,0,0,0,0,0,0,0,0,16.67,8.33,0,0,0,0,0,8.33,0,8.33,0,0,0,8.33,0,0,0,8.33,8.33,0,0,8.33,0,0,0,0,0,0,0,0,0,0,MALE,65-xx
88a2d0037c525eb52e012b0d3632b9df,3,3,0,100,0,0,0,0,0,0,0,0,0,0,0,0,0,0,0,0,0,0,0,0,0,0,0,0,0,0,0,0,0,0,0,0,0,0,0,0,0,0,0,0,0,0,0,0,0,0,0,0,0,0,0,0,0,0,0,0,0,0,0,0,0,0,0,0,0,0,MALE,25-34
b0f19a521e60ec72decd0620819fbed6,23,11.5,0,91.3,78.26,26.09,56.52,13.04,13.04,13.04,0,0,0,0,0,0,13.04,4.35,8.7,4.35,0,4.35,17.39,8.7,0,4.35,4.35,0,4.35,4.35,0,0,0,0,0,0,0,0,21.74,4.35,0,0,0,0,4.35,8.7,4.35,4.35,0,0,4.35,0,0,0,0,0,13.04,0,8.7,8.7,4.35,4.35,0,0,0,0,0,0,0,4.35,MALE,35-49
43a77711f361feb28679ea5559dc140a,16,16,0,93.75,18.75,25,0,0,0,0,0,0,0,0,0,0,0,0,0,0,0,0,0,0,0,0,0,0,0,0,0,0,0,0,0,0,0,0,6.25,0,0,0,0,0,0,0,6.25,6.25,6.25,0,0,0,0,0,0,0,0,0,0,0,0,0,0,0,0,0,6.25,0,0,0,MALE,35-49
741580e20c1bbf84283248bb00f6e834,13,13,0,92.31,69.23,15.38,53.85,23.08,15.38,7.69,7.69,0,0,0,7.69,7.69,15.38,15.38,0,7.69,7.69,0,7.69,0,0,0,0,0,7.69,0,0,0,0,0,0,0,0,0,15.38,0,0,0,7.69,0,0,7.69,0,0,0,0,0,0,0,0,0,0,23.08,7.69,7.69,7.69,0,0,0,0,0,0,0,0,0,0,MALE,35-49
eb71a2f93b2ed43de2c75609c512eb46,12,12,8.33,100,16.67,58.33,8.33,0,0,0,0,0,0,0,0,0,0,0,0,0,0,0,8.33,8.33,0,0,0,0,0,0,0,0,0,0,0,0,0,0,0,0,0,0,0,0,0,0,0,0,0,0,0,0,0,0,0,0,0,0,0,0,0,0,8.33,0,8.33,0,0,0,0,0,FEMALE,25-34
f837e9b8713d91c624b63b740df2c528,20,10,0,90,35,30,10,0,0,0,0,0,0,0,0,0,10,5,0,10,0,0,5,0,0,0,5,0,10,0,0,5,5,5,0,0,0,0,10,0,0,0,0,0,0,5,0,0,0,0,0,0,0,0,0,0,15,0,10,5,0,5,0,0,0,0,0,0,0,0,FEMALE,35-49
48b537f774fec1402d7b00f364a315e8,23,23,0,91.3,21.74,21.74,8.7,0,0,0,0,0,0,0,0,0,0,0,0,0,0,0,8.7,4.35,0,0,8.7,0,0,0,0,0,0,0,0,0,0,0,0,0,0,0,0,0,0,0,0,0,0,0,0,8.7,0,0,8.7,0,4.35,0,0,4.35,0,0,0,0,0,0,0,0,0,0,FEMALE,25-34
a34d08cd72a393de9a435ea3b8e17b1b,22,22,0,100,45.45,18.18,22.73,13.64,9.09,9.09,0,0,0,0,4.55,9.09,13.64,4.55,0,13.64,0,0,0,0,0,4.55,0,0,0,0,0,0,0,0,0,0,0,0,9.09,4.55,0,4.55,0,0,0,0,0,0,0,0,0,0,0,0,0,0,4.55,0,0,4.55,0,0,0,0,0,0,0,0,0,0,MALE,25-34
240deaa8c134119da0b909bad8471f72,12,12,0,100,25,33.33,8.33,0,0,0,0,0,0,0,0,8.33,0,0,0,0,0,0,0,0,0,0,0,0,0,0,0,0,0,0,0,0,0,0,0,0,0,0,0,0,0,0,0,0,0,0,0,0,0,0,0,0,0,0,0,0,8.33,8.33,0,0,0,0,0,0,0,0,FEMALE,35-49
34f0c9a2688ca63f0cdfa88002eade93,17,8.5,0,100,58.82,35.29,5.88,0,0,0,0,0,0,0,0,0,0,0,0,0,0,0,5.88,0,0,0,0,0,0,0,0,0,0,0,0,0,0,0,11.76,5.88,0,0,0,0,5.88,0,0,0,0,0,0,11.76,0,11.76,0,0,17.65,5.88,0,5.88,5.88,5.88,0,0,0,0,0,0,0,0,FEMALE,35-49
2f76b43953d8a1f363b46cf452ec3e40,18,18,0,94.44,61.11,22.22,33.33,5.56,5.56,0,0,5.56,0,0,0,5.56,5.56,0,0,5.56,0,0,16.67,0,0,0,11.11,0,16.67,0,0,0,5.56,5.56,0,0,0,0,5.56,5.56,0,0,5.56,0,0,0,0,0,0,0,0,0,0,0,0,0,16.67,0,5.56,11.11,5.56,11.11,0,0,0,0,0,0,0,0,FEMALE,18-24
da4ce5ffb571d8d038af91e2db60083b,8,8,0,100,12.5,37.5,0,0,0,0,0,0,0,0,0,0,0,0,0,0,0,0,0,0,0,0,0,0,0,0,0,0,0,0,0,0,0,0,0,0,0,0,0,0,0,0,0,0,0,0,0,0,0,0,0,0,12.5,0,12.5,0,0,0,0,0,0,0,0,0,0,0,MALE,50-64
d53a5ab018aef4e6608f9ccbe6ca449a,4,4,0,100,25,25,25,0,0,0,0,0,0,0,0,25,0,0,0,0,0,0,0,0,0,0,0,0,0,0,0,0,0,0,0,0,0,0,0,0,0,0,0,0,0,0,0,0,0,0,0,0,0,0,0,0,0,0,0,0,0,0,0,0,0,0,0,0,0,0,FEMALE,35-49
ccfb4199a0c39b110275c2e5d719e111,16,16,0,100,31.25,31.25,6.25,0,0,0,0,0,0,0,0,0,0,0,0,0,0,0,6.25,0,0,0,0,0,0,0,0,0,0,0,0,0,0,0,0,0,0,0,0,0,0,0,0,0,0,0,0,0,0,0,0,0,6.25,0,0,6.25,12.5,0,6.25,0,0,0,0,0,0,0,FEMALE,25-34
ddd9375eb64fa752ec5795f97ada50cc,16,16,0,87.5,25,18.75,12.5,0,0,0,0,0,0,0,0,0,6.25,6.25,0,6.25,0,0,6.25,0,0,0,0,0,0,0,0,0,0,0,0,0,0,0,0,0,0,0,0,0,0,0,0,0,0,0,0,0,0,0,0,0,6.25,0,6.25,0,0,0,0,6.25,12.5,0,0,0,0,0,MALE,50-64
b1fb9c115485587e4fc3ac72aef2b118,20,20,0,95,80,15,50,15,10,5,0,5,0,0,5,5,10,10,0,10,0,10,15,10,0,0,0,0,5,0,0,0,15,10,5,0,0,5,20,5,10,0,0,0,0,5,0,0,0,0,0,0,0,0,0,0,15,5,10,0,5,0,0,0,0,5,0,0,0,0,MALE,18-24
67149b7dd62abfec43bacd17afb1c71c,22,22,0,90.91,90.91,27.27,54.55,31.82,18.18,0,4.55,13.64,0,0,13.64,0,13.64,9.09,0,13.64,0,0,9.09,4.55,4.55,0,0,0,27.27,0,0,0,0,0,0,0,0,0,18.18,4.55,0,4.55,4.55,0,0,4.55,0,0,0,0,0,0,0,0,0,0,13.64,0,9.09,4.55,0,0,4.55,4.55,4.55,0,0,0,0,0,FEMALE,25-34
cac5a26aad4f9be61075fddab61b2bc4,14,14,0,92.86,35.71,14.29,14.29,7.14,0,0,0,0,0,0,7.14,7.14,7.14,0,0,7.14,0,0,0,0,0,0,7.14,0,0,0,0,0,7.14,7.14,0,0,0,0,7.14,0,7.14,0,0,0,0,0,0,0,0,0,0,0,0,0,0,0,0,0,0,0,7.14,0,0,0,0,0,0,0,0,0,FEMALE,35-49
d15f51d73c27a2f0f897c7f8a44a8168,10,10,0,70,20,10,10,0,0,0,0,0,0,0,0,0,0,0,0,0,0,0,10,0,0,0,20,0,0,0,0,0,0,0,0,0,0,0,0,0,0,0,0,0,0,0,0,0,0,0,0,0,0,0,0,0,0,0,0,0,10,0,10,0,0,0,0,0,0,0,MALE,35-49
e6818b7c171928daa79522a08106d7e8,12,6,0,91.67,75,0,50,8.33,8.33,8.33,0,0,0,0,0,16.67,8.33,8.33,0,8.33,0,0,16.67,0,0,8.33,0,0,8.33,0,0,0,16.67,16.67,0,0,0,0,0,0,0,0,0,0,0,0,0,0,0,0,0,8.33,0,0,0,8.33,16.67,0,16.67,0,0,0,8.33,0,0,0,0,0,0,0,FEMALE,18-24
ae06cc39c0396c461b6ee0230c1419cc,22,22,0,90.91,90.91,9.09,59.09,18.18,9.09,9.09,0,0,0,0,9.09,13.64,22.73,4.55,9.09,13.64,0,9.09,13.64,4.55,0,0,0,0,0,0,0,0,4.55,0,4.55,4.55,0,0,27.27,0,0,4.55,4.55,0,0,9.09,4.55,4.55,0,0,4.55,4.55,4.55,0,0,0,13.64,4.55,9.09,0,0,0,0,0,0,0,0,0,0,0,MALE,25-34
ae17e085cb71413a8ce9843f88d3fed2,11,11,0,90.91,81.82,27.27,27.27,0,0,0,0,0,0,0,0,0,9.09,0,0,9.09,0,9.09,18.18,0,0,0,9.09,0,0,0,0,0,9.09,9.09,0,0,0,0,27.27,0,18.18,0,0,0,0,9.09,0,0,0,0,0,0,0,0,0,0,45.45,9.09,27.27,9.09,0,0,0,0,0,0,0,0,0,0,FEMALE,35-49
6529ec09970785e6c34d663ef3e11355,6,6,0,100,50,0,33.33,16.67,16.67,16.67,0,0,0,0,0,0,16.67,16.67,0,16.67,0,0,16.67,0,0,0,0,0,0,0,0,0,0,0,0,0,0,0,0,0,0,0,0,0,0,0,0,0,0,0,0,0,0,0,0,0,33.33,16.67,16.67,0,0,0,0,0,0,0,0,0,0,0,MALE,25-34
9366b1247acb25bb21f40e7ea694b7b2,9,9,0,88.89,44.44,33.33,22.22,11.11,11.11,0,0,11.11,0,0,0,0,0,0,0,0,0,0,0,0,0,0,11.11,0,11.11,0,0,0,0,0,0,0,0,0,11.11,11.11,0,0,0,0,0,0,0,11.11,0,0,11.11,0,0,0,0,0,11.11,0,0,11.11,0,0,0,0,0,0,0,0,0,0,MALE,35-49
7abf98c6151822a0fbed608b14f6887c,23,23,0,86.96,65.22,26.09,39.13,4.35,0,0,0,0,0,0,4.35,8.7,8.7,4.35,4.35,4.35,0,0,4.35,4.35,4.35,8.7,0,0,8.7,0,0,0,4.35,4.35,0,0,0,0,30.43,4.35,8.7,0,8.7,0,0,0,8.7,0,0,0,0,0,0,0,0,0,0,0,0,0,4.35,0,0,0,0,0,0,0,0,0,FEMALE,50-64
58d3c44e5215926336e051691a68a0f9,19,6.33,5.26,94.74,89.47,15.79,57.89,15.79,10.53,5.26,0,5.26,0,0,5.26,0,21.05,21.05,0,10.53,0,10.53,15.79,5.26,5.26,0,0,0,5.26,0,0,0,5.26,5.26,0,0,0,0,5.26,0,0,5.26,0,0,0,0,0,0,0,0,0,0,0,0,0,0,5.26,0,5.26,0,10.53,5.26,0,0,10.53,0,0,0,0,0,MALE,35-49
d8b80ca39284ae5bdc07f38e8f9ae82d,13,13,0,100,38.46,30.77,15.38,7.69,7.69,7.69,0,0,0,0,0,0,7.69,0,0,7.69,0,0,7.69,0,0,0,0,0,0,0,0,0,7.69,7.69,0,0,0,0,0,0,0,0,0,0,0,0,0,0,0,0,0,0,0,0,0,0,0,0,0,0,0,0,15.38,0,0,0,0,0,0,0,MALE,25-34
666d73877301ccb1b24fe70823562513,6,6,0,100,50,0,16.67,16.67,0,0,0,0,0,0,16.67,0,0,0,0,0,0,0,0,0,0,0,0,0,0,0,0,0,0,0,0,0,0,0,0,0,0,0,0,0,0,0,0,0,0,0,0,0,0,0,0,0,16.67,16.67,0,0,0,0,0,0,0,0,0,16.67,0,0,FEMALE,18-24
054ae1840184d9c5876cb3de5d13c7b3,21,21,0,85.71,47.62,19.05,33.33,14.29,4.76,0,0,0,0,4.76,9.52,0,4.76,0,0,4.76,0,4.76,9.52,9.52,0,0,9.52,0,4.76,0,0,0,0,0,0,0,0,0,14.29,4.76,4.76,0,4.76,0,0,4.76,0,0,0,0,0,0,0,0,0,0,9.52,4.76,4.76,0,4.76,0,0,0,0,0,0,0,0,0,MALE,35-49
ceefd2f3c96696ad321fea97bd94a930,19,4.75,0,84.21,84.21,21.05,42.11,15.79,15.79,0,5.26,10.53,0,0,0,5.26,15.79,5.26,0,15.79,0,0,15.79,0,5.26,0,0,0,21.05,0,5.26,0,0,0,0,0,0,0,10.53,5.26,5.26,0,0,0,0,0,0,15.79,10.53,0,0,5.26,0,5.26,0,0,15.79,0,10.53,0,0,0,0,0,0,0,0,5.26,0,0,MALE,35-49
10be300cc18fb4157cc460ebf0ff5a80,10,10,10,100,80,10,70,30,20,10,0,0,0,10,10,0,30,30,10,20,0,0,10,0,0,10,0,0,20,0,0,0,0,0,0,0,0,0,10,0,0,0,0,10,0,0,0,10,0,10,0,0,0,0,0,0,10,0,10,0,0,0,10,0,0,10,0,0,0,0,MALE,25-34
a3abf94235cc11a3b2c2753790714c4e,18,18,0,94.44,33.33,44.44,16.67,0,0,0,0,0,0,0,0,0,5.56,5.56,0,5.56,0,5.56,5.56,5.56,0,0,5.56,0,0,0,0,0,11.11,11.11,0,0,0,0,0,0,0,0,0,0,0,0,0,0,0,0,0,0,0,0,0,0,5.56,0,0,5.56,16.67,11.11,0,0,0,0,0,0,0,0,FEMALE,35-49
fd35334b114cf4d1ddc57829c255b0bd,4,1.33,0,100,50,75,0,0,0,0,0,0,0,0,0,0,0,0,0,0,0,0,0,0,0,0,0,0,0,0,0,0,0,0,0,0,0,0,0,0,0,0,0,0,0,0,0,0,0,0,0,25,0,0,0,25,25,0,0,25,0,0,0,0,0,0,0,0,0,0,MALE,25-34
f7d8ae458eff12489df5d950117ef847,22,22,0,95.45,72.73,22.73,36.36,13.64,9.09,4.55,0,4.55,0,0,4.55,4.55,9.09,4.55,0,4.55,4.55,0,18.18,0,0,0,4.55,0,9.09,0,0,0,4.55,4.55,0,0,0,0,0,0,0,0,0,0,0,0,0,4.55,4.55,0,0,0,0,0,0,0,9.09,0,9.09,0,13.64,0,9.09,0,9.09,0,0,0,0,0,FEMALE,35-49
756f1b5cf9786811a83130a3e14fddde,18,9,5.56,83.33,44.44,44.44,33.33,11.11,5.56,0,0,5.56,0,0,5.56,0,11.11,5.56,0,11.11,0,11.11,5.56,11.11,0,0,0,0,11.11,0,0,0,0,0,0,0,0,0,16.67,5.56,11.11,0,0,0,0,0,0,0,0,0,0,0,0,0,0,0,5.56,5.56,0,0,0,0,0,0,0,0,0,0,0,0,MALE,50-64
20c8b3685fc5c14db66a5e24736b1b66,21,21,0,95.24,14.29,23.81,4.76,0,0,0,0,0,0,0,0,0,0,0,0,0,0,0,4.76,0,0,0,0,0,4.76,0,0,0,4.76,0,4.76,0,4.76,0,4.76,0,0,0,0,0,0,0,0,0,0,0,0,0,0,0,0,0,4.76,0,4.76,0,0,0,0,0,0,0,0,0,0,0,FEMALE,25-34
90c6e8169b4179044d7539455a149141,21,21,0,100,61.9,28.57,23.81,0,0,0,0,0,0,0,0,4.76,9.52,0,4.76,4.76,0,0,14.29,4.76,0,0,0,0,4.76,0,0,0,23.81,19.05,4.76,0,0,4.76,4.76,0,0,0,0,0,0,4.76,0,0,0,0,0,4.76,0,0,4.76,0,19.05,0,4.76,14.29,0,4.76,0,0,0,0,0,0,0,0,FEMALE,50-64
202bdeec2765bff6eb0d815fd8a120ec,18,18,5.56,83.33,55.56,0,38.89,5.56,5.56,5.56,0,0,0,0,0,0,16.67,5.56,0,16.67,0,16.67,5.56,11.11,5.56,0,11.11,0,5.56,0,0,5.56,0,0,0,0,0,0,27.78,11.11,5.56,0,0,0,0,0,11.11,0,0,0,0,0,0,0,0,0,0,0,0,0,0,0,0,0,0,0,0,0,0,0,MALE,18-24
26a5a18a051e39f66f5b539213b53ab9,18,18,0,83.33,5.56,27.78,5.56,0,0,0,0,0,0,0,0,0,0,0,0,0,0,5.56,0,0,0,0,11.11,0,0,0,0,0,0,0,0,0,0,0,0,0,0,0,0,0,0,0,0,0,0,0,0,0,0,0,0,0,5.56,0,0,5.56,0,0,0,0,0,0,0,0,0,0,FEMALE,35-49
a4044d734aa0f6b61df47fa2de3d5a8c,22,22,0,81.82,18.18,9.09,9.09,0,0,0,0,0,0,0,0,0,0,0,0,0,0,0,4.55,4.55,0,0,9.09,0,4.55,0,0,0,0,0,0,0,0,0,4.55,0,0,0,0,0,0,4.55,0,0,0,0,0,0,0,0,0,0,9.09,0,9.09,0,0,0,0,0,0,0,0,0,0,0,MALE,50-64
c7f633833deb7757b7d9ddf3d8fa3180,18,9,0,88.89,61.11,5.56,27.78,5.56,5.56,0,0,5.56,0,0,0,0,22.22,5.56,0,22.22,0,0,16.67,0,5.56,0,5.56,0,5.56,0,0,0,5.56,5.56,0,0,0,0,5.56,0,0,0,0,0,0,5.56,0,5.56,0,0,5.56,0,0,0,0,0,5.56,0,5.56,0,5.56,11.11,0,0,0,0,0,0,0,0,MALE,25-34
c9208885dae624a0d12aeba13c1e17f9,13,13,0,84.62,30.77,7.69,23.08,0,0,0,0,0,0,0,0,7.69,0,0,0,0,0,0,7.69,0,0,7.69,15.38,0,0,0,0,0,7.69,7.69,0,0,0,0,7.69,0,0,0,7.69,0,0,0,0,0,0,0,0,0,0,0,0,0,0,0,0,0,0,7.69,0,0,0,0,0,0,0,0,FEMALE,50-64
7b084b261fdcb58481d1cef12a46f0da,6,6,0,100,0,66.67,0,0,0,0,0,0,0,0,0,0,0,0,0,0,0,0,0,0,0,0,0,0,0,0,0,0,0,0,0,0,0,0,0,0,0,0,0,0,0,0,0,0,0,0,0,0,0,0,0,0,0,0,0,0,0,0,0,0,0,0,0,0,0,0,FEMALE,25-34
0410b4ee12b50967136f180fff777399,18,18,0,94.44,77.78,27.78,38.89,5.56,0,0,0,0,0,0,5.56,0,11.11,5.56,0,5.56,0,0,16.67,5.56,0,5.56,0,0,16.67,0,0,5.56,0,0,0,0,0,0,27.78,5.56,0,5.56,0,0,0,16.67,0,0,0,0,0,0,0,0,0,0,5.56,0,0,5.56,0,5.56,0,0,0,0,0,0,0,0,FEMALE,25-34
814858ed989f78f4aeea8beca30face8,21,10.5,0,95.24,66.67,28.57,19.05,0,0,0,0,0,0,0,0,0,4.76,4.76,4.76,0,0,4.76,9.52,0,0,0,0,0,4.76,0,0,0,9.52,0,9.52,0,9.52,0,9.52,0,0,0,4.76,0,0,0,0,4.76,0,4.76,0,14.29,9.52,4.76,0,0,19.05,0,9.52,9.52,4.76,0,0,0,0,0,0,0,0,0,FEMALE,25-34
1b9c34b09e22e82fec16699fb14f2ad8,15,15,0,100,46.67,20,26.67,0,0,0,0,0,0,0,0,6.67,0,0,0,0,0,0,13.33,0,0,6.67,0,0,0,0,0,0,6.67,6.67,0,0,0,0,0,0,0,0,0,0,0,0,0,0,0,0,0,0,0,0,0,0,13.33,0,13.33,0,0,0,0,0,6.67,0,0,0,0,0,MALE,25-34
d3d955da016663c391cd6fc52fba0c8a,25,8.33,0,96,80,12,60,20,16,0,0,16,0,0,4,4,16,12,4,12,0,8,12,8,0,0,0,0,16,0,0,0,4,4,0,0,0,0,16,0,0,4,4,4,0,4,4,4,4,0,0,0,0,0,0,0,12,8,4,0,0,0,0,0,0,0,0,0,0,0,MALE,35-49
c9c047ae33d3d2db19aa24dfeeb49776,7,7,0,100,85.71,28.57,28.57,14.29,14.29,0,0,14.29,0,0,0,0,14.29,0,0,14.29,0,0,14.29,0,0,0,0,0,14.29,0,0,0,0,0,0,0,0,0,0,0,0,0,0,0,0,0,0,0,0,0,0,0,0,0,0,0,57.14,14.29,14.29,28.57,0,0,0,14.29,0,14.29,0,0,0,0,MALE,25-34
4738796f60291f044124b54757b0cc1f,10,2.5,20,90,20,40,0,0,0,0,0,0,0,0,0,0,0,0,0,0,0,0,0,0,0,0,10,0,0,0,0,0,0,0,0,0,0,0,0,0,0,0,0,0,0,0,0,0,0,0,0,0,0,0,0,0,20,0,0,10,0,0,0,0,0,0,0,0,0,0,FEMALE,35-49
de7ac994fbd96c24503aa86d9ce439f0,21,7,4.76,90.48,19.05,9.52,9.52,0,0,0,0,0,0,0,0,4.76,0,0,0,0,0,0,0,0,0,4.76,0,0,0,0,0,0,0,0,0,0,0,0,4.76,4.76,0,0,0,0,0,0,0,0,0,0,0,0,0,0,0,0,4.76,0,4.76,0,0,0,0,4.76,0,0,0,0,0,0,MALE,25-34
7eb4fded0b399f6375b0d7f470363ea4,9,9,0,88.89,22.22,22.22,0,0,0,0,0,0,0,0,0,0,0,0,0,0,0,0,0,0,0,0,11.11,0,11.11,0,11.11,0,11.11,11.11,0,0,0,0,0,0,0,0,0,0,0,0,0,0,0,0,0,0,0,0,0,0,0,0,0,0,0,11.11,0,0,0,0,0,0,0,0,FEMALE,35-49
272701df5d662e89706f57db8a7d5d25,27,27,0,74.07,51.85,18.52,33.33,7.41,7.41,0,0,0,0,7.41,0,3.7,0,0,0,0,0,3.7,7.41,0,3.7,7.41,11.11,0,14.81,0,0,3.7,11.11,7.41,3.7,0,0,3.7,7.41,0,0,0,0,0,0,0,7.41,0,0,0,0,0,0,0,0,0,0,0,0,0,0,0,0,0,7.41,0,0,0,0,0,MALE,50-64
ba1c1ed15c51edcb2b90800d99ec5f40,11,11,0,90.91,27.27,18.18,9.09,9.09,9.09,0,9.09,0,0,0,0,0,18.18,0,0,18.18,0,0,0,0,0,0,9.09,0,9.09,0,0,0,0,0,0,0,0,0,9.09,0,0,0,0,0,0,9.09,0,9.09,9.09,0,0,0,0,0,0,0,9.09,9.09,0,0,0,0,0,0,0,0,0,0,0,0,FEMALE,50-64
3e1d397a624df1500a0a1dd474f14017,4,4,0,100,75,50,50,0,0,0,0,0,0,0,0,0,0,0,0,0,0,25,25,0,0,0,0,0,25,0,0,0,0,0,0,0,0,0,0,0,0,0,0,0,0,0,0,0,0,0,0,0,0,0,0,0,50,0,25,25,0,0,0,0,0,0,0,0,0,0,MALE,25-34
f0b0fcea7caedc7fcc4443b7b7e22102,27,13.5,0,81.48,92.59,11.11,51.85,14.81,11.11,3.7,3.7,3.7,0,0,3.7,11.11,11.11,3.7,0,11.11,0,0,14.81,3.7,0,7.41,0,0,14.81,3.7,0,0,14.81,14.81,0,0,0,0,7.41,0,0,0,3.7,3.7,0,0,3.7,3.7,3.7,0,0,3.7,0,0,3.7,0,25.93,0,18.52,7.41,0,0,3.7,0,0,0,0,0,0,0,MALE,25-34
ff969bb0d67a9ecb69a3485f53e676a4,14,4.67,0,100,78.57,28.57,50,21.43,14.29,0,0,7.14,0,7.14,7.14,0,28.57,21.43,0,14.29,0,7.14,7.14,0,7.14,7.14,0,0,14.29,0,0,0,14.29,14.29,0,0,0,0,21.43,0,0,0,0,14.29,0,0,7.14,0,0,0,0,0,0,0,0,0,14.29,0,0,7.14,0,0,0,0,0,0,7.14,0,0,0,FEMALE,50-64
0cba67cb650fb82820cec0fdb3d9414d,10,10,0,100,20,30,10,10,10,10,0,0,0,0,0,0,10,0,0,10,0,0,0,0,0,0,0,0,10,0,0,0,10,10,0,0,0,0,0,0,0,0,0,0,0,0,0,0,0,0,0,10,0,0,10,0,0,0,0,0,0,0,0,0,0,0,0,0,0,0,FEMALE,35-49
1211e6133c77d1a8eccb71afd229574b,16,5.33,0,75,25,18.75,12.5,0,0,0,0,0,0,0,0,12.5,0,0,0,0,0,0,0,0,0,0,6.25,0,0,0,0,0,6.25,6.25,0,0,0,0,0,0,0,0,0,0,0,0,0,0,0,0,0,0,0,0,0,0,6.25,0,0,6.25,0,0,0,0,0,0,0,0,0,0,FEMALE,35-49
7bfd9b4735c229e35f886e86f49c7603,8,8,0,100,75,12.5,37.5,0,0,0,0,0,0,0,0,0,0,0,0,0,0,25,12.5,0,0,12.5,0,0,0,0,0,0,12.5,0,12.5,0,0,0,12.5,0,0,0,0,0,0,12.5,0,0,0,0,0,12.5,0,0,12.5,0,37.5,0,12.5,25,0,0,0,0,0,0,0,0,0,0,MALE,25-34
13027db7430bbcebbe3015eb2e9add8e,13,13,0,92.31,30.77,23.08,23.08,0,0,0,0,0,0,0,0,0,7.69,7.69,0,0,0,0,15.38,0,0,0,7.69,0,0,0,0,0,0,0,0,0,0,0,7.69,0,0,0,0,0,0,7.69,0,0,0,0,0,0,0,0,0,0,0,0,0,0,7.69,0,0,0,7.69,0,0,0,0,0,FEMALE,50-64
89013d8e1ded12e8068a49d8ce568da3,10,10,0,90,0,30,0,0,0,0,0,0,0,0,0,0,0,0,0,0,0,0,0,0,0,0,10,0,0,0,0,0,0,0,0,0,0,0,0,0,0,0,0,0,0,0,0,0,0,0,0,0,0,0,0,0,0,0,0,0,0,0,0,0,0,0,0,0,0,0,MALE,35-49
b7f951bc04a56c5f4c4fe8aed6c5b2b9,5,5,0,100,0,20,0,0,0,0,0,0,0,0,0,0,0,0,0,0,0,0,0,0,0,0,0,0,0,0,0,0,0,0,0,0,0,0,0,0,0,0,0,0,0,0,0,0,0,0,0,0,0,0,0,0,0,0,0,0,0,0,0,0,0,0,0,0,0,0,MALE,35-49
d429f404307903fa738dd1dd272ec00f,15,7.5,0,86.67,80,20,53.33,6.67,6.67,0,0,0,6.67,0,0,13.33,6.67,6.67,0,6.67,0,0,20,0,0,0,6.67,0,6.67,0,0,0,0,0,0,0,0,0,6.67,0,6.67,0,0,0,0,0,0,6.67,0,6.67,0,0,0,0,0,0,20,6.67,13.33,0,13.33,6.67,13.33,0,0,6.67,0,0,0,0,MALE,35-49
10dfd3222d6abfbbb68f79c829102ea1,17,5.67,5.88,94.12,88.24,11.76,58.82,17.65,11.76,5.88,0,5.88,0,0,5.88,5.88,17.65,17.65,11.76,5.88,0,5.88,11.76,11.76,5.88,0,0,0,11.76,0,0,0,11.76,11.76,0,0,0,0,5.88,0,0,5.88,0,0,0,0,0,5.88,5.88,0,0,0,0,0,0,0,0,0,0,0,0,0,5.88,0,0,0,0,0,0,0,FEMALE,25-34
5dfa26ddf57fb958ed53325b20dbab00,5,5,0,100,40,20,20,0,0,0,0,0,0,0,0,20,0,0,0,0,0,0,0,0,0,0,0,0,0,0,0,0,0,0,0,0,0,0,0,0,0,0,0,0,0,0,0,0,0,0,0,20,0,0,0,20,0,0,0,0,0,0,0,0,0,0,0,0,0,0,FEMALE,35-49
33479bc8c4b5f6aef1c651587ea2baf7,13,13,0,100,30.77,30.77,15.38,0,0,0,0,0,0,0,0,0,0,0,0,0,0,15.38,7.69,0,0,0,0,0,7.69,0,0,0,0,0,0,0,0,0,0,0,0,0,0,0,0,0,0,0,0,0,0,0,0,0,0,0,15.38,0,0,7.69,0,0,0,0,0,0,0,0,0,0,FEMALE,35-49
ba0268981bb269ddcf6df120299e7a04,7,7,0,85.71,0,28.57,0,0,0,0,0,0,0,0,0,0,0,0,0,0,0,0,0,0,0,0,0,0,0,0,0,0,0,0,0,0,0,0,0,0,0,0,0,0,0,0,0,0,0,0,0,0,0,0,0,0,0,0,0,0,0,0,0,0,0,0,0,0,0,0,MALE,18-24
6327dfcc165a7bd74694521f810a5f29,18,18,0,100,77.78,11.11,50,0,0,0,0,0,0,0,0,11.11,16.67,11.11,5.56,0,5.56,0,16.67,0,0,5.56,5.56,0,5.56,0,0,0,5.56,5.56,0,0,0,0,11.11,0,0,0,0,5.56,0,5.56,0,0,0,0,0,0,0,0,0,0,22.22,0,5.56,16.67,0,0,11.11,0,0,0,0,0,0,0,MALE,35-49
7d67bdc61b24ea651d4e7d8c3ffff423,16,16,0,87.5,68.75,12.5,31.25,6.25,6.25,0,0,6.25,0,0,0,0,6.25,0,0,6.25,0,0,12.5,0,0,6.25,12.5,0,6.25,0,0,0,6.25,6.25,0,0,0,0,18.75,6.25,6.25,0,0,6.25,0,0,0,0,0,0,0,0,0,0,0,0,0,0,0,0,0,0,6.25,0,12.5,0,0,6.25,0,0,MALE,25-34
8b4aa80592b9c56c00a0f2590db44832,20,20,0,90,50,20,30,5,5,5,0,0,0,0,0,5,15,15,0,5,5,0,10,0,0,0,10,0,5,0,0,0,0,0,0,0,0,0,0,0,0,0,0,0,0,0,0,0,0,0,0,0,0,0,0,0,15,0,10,5,0,0,15,0,0,0,0,0,0,0,MALE,35-49
721fc9560ca674fab4b195ffa2bdd22c,26,26,0,88.46,69.23,11.54,42.31,11.54,7.69,3.85,0,3.85,0,0,3.85,15.38,7.69,3.85,0,7.69,0,0,15.38,3.85,0,0,3.85,0,7.69,0,0,0,7.69,3.85,3.85,3.85,0,0,15.38,0,3.85,0,3.85,0,3.85,3.85,0,0,0,0,0,3.85,0,0,3.85,0,3.85,0,3.85,0,0,0,3.85,0,0,0,0,0,0,0,FEMALE,35-49
c28a3cd0340791e3dee27addc32690c8,5,5,0,100,40,20,0,0,0,0,0,0,0,0,0,0,0,0,0,0,0,0,0,0,0,0,0,0,0,0,0,0,0,0,0,0,0,0,0,0,0,0,0,0,0,0,0,0,0,0,0,0,0,0,0,0,40,20,0,20,0,0,0,0,0,0,0,0,0,0,MALE,25-34
74bb3f7ce78cb11c05588a8394a2ec77,14,14,0,100,7.14,0,7.14,0,0,0,0,0,0,0,0,7.14,0,0,0,0,0,0,0,0,0,0,0,0,0,0,0,0,0,0,0,0,0,0,0,0,0,0,0,0,0,0,0,0,0,0,0,0,0,0,0,0,0,0,0,0,0,0,0,0,0,0,0,0,0,0,MALE,25-34
d455eab08438d594c5a6a9f4d6aea9f2,24,24,0,95.83,66.67,25,37.5,12.5,12.5,8.33,0,4.17,0,0,0,4.17,4.17,4.17,0,4.17,0,0,8.33,4.17,0,8.33,4.17,0,12.5,4.17,0,0,4.17,4.17,0,0,0,0,12.5,0,0,4.17,8.33,0,0,4.17,4.17,0,0,0,0,4.17,0,4.17,0,0,12.5,0,4.17,8.33,0,0,4.17,0,4.17,0,0,0,0,0,FEMALE,35-49
802fd0a0a80a4df0ac4aff53c20c6f88,17,5.67,0,94.12,70.59,23.53,35.29,5.88,0,0,0,0,0,0,5.88,0,5.88,5.88,0,5.88,0,0,17.65,0,5.88,0,5.88,0,0,0,0,0,0,0,0,0,0,0,0,0,0,0,0,0,0,0,0,5.88,5.88,0,0,0,0,0,0,0,29.41,5.88,11.76,5.88,0,0,11.76,0,0,0,0,0,0,0,MALE,25-34
fa16b7ab84bf1e9b06041648e1591a47,6,6,0,83.33,33.33,33.33,16.67,16.67,16.67,0,0,16.67,0,0,0,0,16.67,0,0,16.67,0,0,0,0,0,0,16.67,0,16.67,0,0,0,16.67,16.67,0,0,0,0,0,0,0,0,0,0,0,0,0,0,0,0,0,0,0,0,0,0,0,0,0,0,0,0,0,0,0,0,0,0,0,0,FEMALE,50-64
812d84a7d985684b63a84cf8ab0c63b9,15,15,0,80,26.67,13.33,13.33,0,0,0,0,0,0,0,0,0,6.67,6.67,0,6.67,0,0,6.67,0,0,0,20,0,0,0,0,0,6.67,6.67,0,0,0,0,0,0,0,0,0,0,0,0,0,6.67,6.67,0,6.67,0,0,0,0,0,6.67,0,6.67,0,0,0,0,0,6.67,0,0,0,0,0,FEMALE,35-49
400409642e5317a17dbb8af561aa130a,4,4,25,75,0,50,0,0,0,0,0,0,0,0,0,0,0,0,0,0,0,0,0,0,0,0,25,0,0,0,0,0,0,0,0,0,0,0,0,0,0,0,0,0,0,0,0,0,0,0,0,0,0,0,0,0,0,0,0,0,0,0,0,0,0,0,0,0,0,0,FEMALE,35-49
02e6b395fcce942ed7522b7c76bcfecd,19,19,5.26,94.74,47.37,21.05,21.05,5.26,0,0,0,0,0,0,5.26,10.53,10.53,5.26,0,10.53,0,0,0,0,0,0,5.26,0,5.26,0,0,0,5.26,5.26,0,0,0,0,5.26,0,0,0,0,0,0,0,0,5.26,5.26,0,0,0,0,0,0,0,5.26,0,0,10.53,5.26,5.26,0,0,0,0,0,0,0,5.26,FEMALE,35-49
c1637fb45072541a44a06e8e10356a84,21,10.5,0,95.24,66.67,28.57,38.1,0,0,0,0,0,0,0,0,4.76,4.76,4.76,0,4.76,0,0,19.05,0,0,9.52,0,0,4.76,0,0,0,0,0,0,0,0,0,4.76,0,0,0,0,4.76,0,0,0,0,0,0,0,4.76,4.76,0,0,0,9.52,0,9.52,0,0,0,4.76,0,9.52,0,0,0,0,0,FEMALE,35-49
500ccceea32e67d8d11f7d3d495e2c07,21,10.5,0,85.71,85.71,19.05,52.38,14.29,14.29,14.29,0,0,0,0,0,9.52,19.05,14.29,14.29,4.76,0,0,14.29,0,0,0,4.76,0,9.52,0,0,0,4.76,4.76,0,0,0,0,4.76,4.76,0,0,0,0,0,0,0,4.76,0,0,4.76,9.52,4.76,0,0,4.76,23.81,9.52,4.76,9.52,0,0,0,0,0,0,0,0,0,0,FEMALE,25-34
a6e54f61d8539a64d78c5e98f8fc5206,9,9,0,77.78,22.22,0,22.22,0,0,0,0,0,0,0,0,0,0,0,0,0,0,11.11,11.11,0,0,11.11,22.22,0,0,0,0,0,0,0,0,0,0,0,11.11,0,0,0,0,11.11,0,0,0,0,0,0,0,0,0,0,0,0,0,0,0,0,0,0,0,0,0,0,0,0,0,0,FEMALE,65-xx
0813c1fdd58ac900edc4497eb0bb17f6,24,24,0,91.67,37.5,16.67,20.83,4.17,4.17,4.17,0,0,0,0,0,8.33,4.17,0,4.17,0,0,0,8.33,0,0,0,4.17,0,0,0,0,0,0,0,0,0,0,0,0,0,0,0,0,0,0,0,0,0,0,0,0,0,0,0,0,0,12.5,4.17,8.33,0,0,0,8.33,0,4.17,0,0,0,0,0,FEMALE,50-64
3c4058cb538e012afb806707060dd280,20,20,0,90,85,5,60,30,20,10,0,0,10,0,10,5,10,5,0,10,0,10,10,5,0,0,0,0,10,0,0,0,5,0,5,0,0,5,10,5,5,0,0,0,0,0,0,0,0,0,0,0,0,0,0,0,5,0,0,5,0,0,0,5,0,0,0,0,0,0,FEMALE,25-34
a4437daaf3f9a041470688a4bc0ec1a2,14,14,0,92.86,78.57,21.43,57.14,14.29,7.14,0,0,7.14,0,0,7.14,7.14,21.43,21.43,0,14.29,0,7.14,0,7.14,7.14,7.14,0,0,7.14,0,0,0,14.29,7.14,7.14,0,0,0,7.14,0,0,0,0,7.14,0,0,0,0,0,0,0,0,0,0,0,0,7.14,0,0,7.14,0,0,0,0,0,7.14,0,0,0,0,FEMALE,35-49
1a25b86381e9fe4fc0f39ff3d2ca7dac,14,14,0,100,42.86,14.29,28.57,14.29,14.29,7.14,0,7.14,0,0,0,7.14,14.29,7.14,0,14.29,0,0,7.14,0,0,0,0,0,7.14,0,0,0,7.14,0,7.14,0,0,0,7.14,0,0,7.14,0,0,0,0,0,0,0,0,0,0,0,0,0,0,0,0,0,0,0,0,0,0,0,0,0,0,0,0,FEMALE,50-64
